gap,offset,curve,curve_label,mean_pct,std_pct,n_seeds
1,2,firstlayer,ATTN1 direct circuit hijack,46.1145,36.9275,23
1,3,firstlayer,ATTN1 direct circuit hijack,49.4992,34.4908,23
1,4,firstlayer,ATTN1 direct circuit hijack,53.3952,32.1386,23
1,5,firstlayer,ATTN1 direct circuit hijack,57.1173,30.2308,23
1,6,firstlayer,ATTN1 direct circuit hijack,59.8817,28.2799,23
1,7,firstlayer,ATTN1 direct circuit hijack,61.5516,26.6275,23
1,8,firstlayer,ATTN1 direct circuit hijack,63.0115,24.1702,23
1,9,firstlayer,ATTN1 direct circuit hijack,63.0904,22.0346,23
1,10,firstlayer,ATTN1 direct circuit hijack,62.4726,20.2647,23
1,11,firstlayer,ATTN1 direct circuit hijack,61.7689,18.6346,23
1,12,firstlayer,ATTN1 direct circuit hijack,60.496,17.5808,23
1,13,firstlayer,ATTN1 direct circuit hijack,58.207,17.4271,23
1,14,firstlayer,ATTN1 direct circuit hijack,56.781,17.049,23
1,15,firstlayer,ATTN1 direct circuit hijack,53.4344,16.7714,23
1,16,firstlayer,ATTN1 direct circuit hijack,51.7928,16.5593,23
1,17,firstlayer,ATTN1 direct circuit hijack,49.5247,16.2698,23
1,18,firstlayer,ATTN1 direct circuit hijack,47.7015,16.5799,23
1,19,firstlayer,ATTN1 direct circuit hijack,45.739,16.0492,23
1,20,firstlayer,ATTN1 direct circuit hijack,43.5327,16.7085,23
1,2,attn2,ATTN2 hijack,71.9925,41.2451,23
1,3,attn2,ATTN2 hijack,67.0541,39.1834,23
1,4,attn2,ATTN2 hijack,59.7343,36.2965,23
1,5,attn2,ATTN2 hijack,52.0697,32.7827,23
1,6,attn2,ATTN2 hijack,44.6443,29.5371,23
1,7,attn2,ATTN2 hijack,37.1594,25.6662,23
1,8,attn2,ATTN2 hijack,30.6728,22.7243,23
1,9,attn2,ATTN2 hijack,25.1346,19.9691,23
1,10,attn2,ATTN2 hijack,21.9619,18.4139,23
1,11,attn2,ATTN2 hijack,20.4769,18.1525,23
1,12,attn2,ATTN2 hijack,20.018,18.0924,23
1,13,attn2,ATTN2 hijack,19.453,17.657,23
1,14,attn2,ATTN2 hijack,19.2618,17.0615,23
1,15,attn2,ATTN2 hijack,18.8271,16.4813,23
1,16,attn2,ATTN2 hijack,18.9623,16.464,23
1,17,attn2,ATTN2 hijack,18.1527,15.9684,23
1,18,attn2,ATTN2 hijack,18.1375,15.7556,23
1,19,attn2,ATTN2 hijack,17.8807,15.9233,23
1,20,attn2,ATTN2 hijack,17.5523,15.8423,23
1,2,and_fl,ATTN1 direct+ATTN2 individually succeed,20.7868,21.4998,23
1,3,and_fl,ATTN1 direct+ATTN2 individually succeed,23.4822,20.6003,23
1,4,and_fl,ATTN1 direct+ATTN2 individually succeed,25.8572,19.7993,23
1,5,and_fl,ATTN1 direct+ATTN2 individually succeed,27.4941,19.3801,23
1,6,and_fl,ATTN1 direct+ATTN2 individually succeed,27.97,18.7457,23
1,7,and_fl,ATTN1 direct+ATTN2 individually succeed,27.75,18.1903,23
1,8,and_fl,ATTN1 direct+ATTN2 individually succeed,25.5222,16.6754,23
1,9,and_fl,ATTN1 direct+ATTN2 individually succeed,21.7081,14.2787,23
1,10,and_fl,ATTN1 direct+ATTN2 individually succeed,19.141,12.6127,23
1,11,and_fl,ATTN1 direct+ATTN2 individually succeed,17.7925,11.6743,23
1,12,and_fl,ATTN1 direct+ATTN2 individually succeed,17.2898,11.3387,23
1,13,and_fl,ATTN1 direct+ATTN2 individually succeed,16.5281,10.7718,23
1,14,and_fl,ATTN1 direct+ATTN2 individually succeed,16.6576,10.9147,23
1,15,and_fl,ATTN1 direct+ATTN2 individually succeed,16.152,10.4812,23
1,16,and_fl,ATTN1 direct+ATTN2 individually succeed,16.2898,10.4339,23
1,17,and_fl,ATTN1 direct+ATTN2 individually succeed,15.8154,10.3372,23
1,18,and_fl,ATTN1 direct+ATTN2 individually succeed,15.6805,10.1365,23
1,19,and_fl,ATTN1 direct+ATTN2 individually succeed,15.528,10.1941,23
1,20,and_fl,ATTN1 direct+ATTN2 individually succeed,15.0371,9.8026,23
5,6,firstlayer,ATTN1 direct circuit hijack,24.7713,34.0349,23
5,7,firstlayer,ATTN1 direct circuit hijack,21.4189,29.7937,23
5,8,firstlayer,ATTN1 direct circuit hijack,17.6601,24.173,23
5,9,firstlayer,ATTN1 direct circuit hijack,15.6253,20.0482,23
5,10,firstlayer,ATTN1 direct circuit hijack,14.1573,16.7603,23
5,11,firstlayer,ATTN1 direct circuit hijack,13.5909,14.1916,23
5,12,firstlayer,ATTN1 direct circuit hijack,14.3273,13.109,23
5,13,firstlayer,ATTN1 direct circuit hijack,15.2939,12.0063,23
5,14,firstlayer,ATTN1 direct circuit hijack,17.1482,11.2833,23
5,15,firstlayer,ATTN1 direct circuit hijack,18.3608,11.5025,23
5,16,firstlayer,ATTN1 direct circuit hijack,18.8646,10.4023,23
5,17,firstlayer,ATTN1 direct circuit hijack,19.2533,10.8974,23
5,18,firstlayer,ATTN1 direct circuit hijack,19.5002,10.7699,23
5,19,firstlayer,ATTN1 direct circuit hijack,19.0171,9.9325,23
5,20,firstlayer,ATTN1 direct circuit hijack,19.0842,9.2861,23
5,21,firstlayer,ATTN1 direct circuit hijack,18.3068,8.5465,23
5,22,firstlayer,ATTN1 direct circuit hijack,18.6337,8.2705,23
5,23,firstlayer,ATTN1 direct circuit hijack,17.8112,8.108,23
5,24,firstlayer,ATTN1 direct circuit hijack,17.6026,7.5978,23
5,25,firstlayer,ATTN1 direct circuit hijack,17.4216,7.1344,23
5,26,firstlayer,ATTN1 direct circuit hijack,16.0777,6.9396,23
5,27,firstlayer,ATTN1 direct circuit hijack,15.8714,6.0446,23
5,28,firstlayer,ATTN1 direct circuit hijack,14.9576,5.6567,23
5,29,firstlayer,ATTN1 direct circuit hijack,13.949,4.9001,23
5,30,firstlayer,ATTN1 direct circuit hijack,13.9818,4.4764,23
5,6,attn2,ATTN2 hijack,84.3253,27.289,23
5,7,attn2,ATTN2 hijack,81.095,28.0254,23
5,8,attn2,ATTN2 hijack,76.7601,28.0684,23
5,9,attn2,ATTN2 hijack,70.7802,27.3073,23
5,10,attn2,ATTN2 hijack,63.3717,25.7909,23
5,11,attn2,ATTN2 hijack,55.9982,23.9914,23
5,12,attn2,ATTN2 hijack,49.1704,22.1327,23
5,13,attn2,ATTN2 hijack,43.4884,21.0994,23
5,14,attn2,ATTN2 hijack,40.8547,20.6875,23
5,15,attn2,ATTN2 hijack,39.0422,20.0718,23
5,16,attn2,ATTN2 hijack,37.9791,19.8464,23
5,17,attn2,ATTN2 hijack,37.0406,19.516,23
5,18,attn2,ATTN2 hijack,35.7428,18.8272,23
5,19,attn2,ATTN2 hijack,34.2843,18.1997,23
5,20,attn2,ATTN2 hijack,33.4413,17.9139,23
5,21,attn2,ATTN2 hijack,32.4208,17.8618,23
5,22,attn2,ATTN2 hijack,31.3966,17.817,23
5,23,attn2,ATTN2 hijack,30.7808,17.9612,23
5,24,attn2,ATTN2 hijack,30.2303,17.8663,23
5,25,attn2,ATTN2 hijack,29.549,18.4804,23
5,26,attn2,ATTN2 hijack,29.8733,18.5358,23
5,27,attn2,ATTN2 hijack,29.9593,19.0304,23
5,28,attn2,ATTN2 hijack,29.6492,19.0289,23
5,29,attn2,ATTN2 hijack,29.5686,18.9815,23
5,30,attn2,ATTN2 hijack,29.8079,19.2164,23
5,6,and_fl,ATTN1 direct+ATTN2 individually succeed,14.5108,20.0082,23
5,7,and_fl,ATTN1 direct+ATTN2 individually succeed,12.5026,17.3372,23
5,8,and_fl,ATTN1 direct+ATTN2 individually succeed,10.5316,13.9764,23
5,9,and_fl,ATTN1 direct+ATTN2 individually succeed,9.5741,11.5658,23
5,10,and_fl,ATTN1 direct+ATTN2 individually succeed,8.9444,9.6247,23
5,11,and_fl,ATTN1 direct+ATTN2 individually succeed,9.2191,8.6885,23
5,12,and_fl,ATTN1 direct+ATTN2 individually succeed,9.7437,7.3077,23
5,13,and_fl,ATTN1 direct+ATTN2 individually succeed,10.4413,6.5023,23
5,14,and_fl,ATTN1 direct+ATTN2 individually succeed,12.0801,6.5524,23
5,15,and_fl,ATTN1 direct+ATTN2 individually succeed,12.7098,6.2503,23
5,16,and_fl,ATTN1 direct+ATTN2 individually succeed,13.1838,5.6585,23
5,17,and_fl,ATTN1 direct+ATTN2 individually succeed,13.4471,6.0963,23
5,18,and_fl,ATTN1 direct+ATTN2 individually succeed,13.3821,6.317,23
5,19,and_fl,ATTN1 direct+ATTN2 individually succeed,13.2179,6.2316,23
5,20,and_fl,ATTN1 direct+ATTN2 individually succeed,13.2519,5.9428,23
5,21,and_fl,ATTN1 direct+ATTN2 individually succeed,12.8292,5.5738,23
5,22,and_fl,ATTN1 direct+ATTN2 individually succeed,13.4377,6.295,23
5,23,and_fl,ATTN1 direct+ATTN2 individually succeed,12.5705,5.4421,23
5,24,and_fl,ATTN1 direct+ATTN2 individually succeed,12.6042,5.8138,23
5,25,and_fl,ATTN1 direct+ATTN2 individually succeed,12.3176,5.1294,23
5,26,and_fl,ATTN1 direct+ATTN2 individually succeed,11.4249,5.4811,23
5,27,and_fl,ATTN1 direct+ATTN2 individually succeed,11.7157,5.5933,23
5,28,and_fl,ATTN1 direct+ATTN2 individually succeed,10.7569,4.7755,23
5,29,and_fl,ATTN1 direct+ATTN2 individually succeed,10.3022,4.6834,23
5,30,and_fl,ATTN1 direct+ATTN2 individually succeed,10.6018,4.9482,23
10,11,firstlayer,ATTN1 direct circuit hijack,4.4969,7.022,23
10,12,firstlayer,ATTN1 direct circuit hijack,2.6578,4.2203,23
10,13,firstlayer,ATTN1 direct circuit hijack,1.7229,2.9059,23
10,14,firstlayer,ATTN1 direct circuit hijack,1.4291,2.4745,23
10,15,firstlayer,ATTN1 direct circuit hijack,1.2918,2.0394,23
10,16,firstlayer,ATTN1 direct circuit hijack,1.2883,2.0386,23
10,17,firstlayer,ATTN1 direct circuit hijack,1.5199,2.4913,23
10,18,firstlayer,ATTN1 direct circuit hijack,1.6257,2.2656,23
10,19,firstlayer,ATTN1 direct circuit hijack,2.1017,2.6444,23
10,20,firstlayer,ATTN1 direct circuit hijack,2.3107,2.9594,23
10,21,firstlayer,ATTN1 direct circuit hijack,2.4451,2.7773,23
10,22,firstlayer,ATTN1 direct circuit hijack,2.6347,2.981,23
10,23,firstlayer,ATTN1 direct circuit hijack,2.8794,2.8541,23
10,24,firstlayer,ATTN1 direct circuit hijack,3.364,2.921,23
10,25,firstlayer,ATTN1 direct circuit hijack,3.2775,2.9187,23
10,26,firstlayer,ATTN1 direct circuit hijack,3.5124,2.7066,23
10,27,firstlayer,ATTN1 direct circuit hijack,3.6988,2.4036,23
10,28,firstlayer,ATTN1 direct circuit hijack,3.7368,2.702,23
10,29,firstlayer,ATTN1 direct circuit hijack,3.7219,2.8005,23
10,30,firstlayer,ATTN1 direct circuit hijack,3.5954,2.3025,23
10,31,firstlayer,ATTN1 direct circuit hijack,3.4277,2.2505,23
10,32,firstlayer,ATTN1 direct circuit hijack,3.9346,2.2097,23
10,33,firstlayer,ATTN1 direct circuit hijack,3.2742,1.8463,23
10,34,firstlayer,ATTN1 direct circuit hijack,3.4204,2.1576,23
10,35,firstlayer,ATTN1 direct circuit hijack,3.3483,2.0808,23
10,36,firstlayer,ATTN1 direct circuit hijack,3.0696,2.2062,23
10,37,firstlayer,ATTN1 direct circuit hijack,3.1328,2.233,23
10,38,firstlayer,ATTN1 direct circuit hijack,2.6194,1.9532,23
10,39,firstlayer,ATTN1 direct circuit hijack,2.5168,1.8258,23
10,40,firstlayer,ATTN1 direct circuit hijack,2.3805,1.5676,23
10,41,firstlayer,ATTN1 direct circuit hijack,2.4193,1.4379,23
10,42,firstlayer,ATTN1 direct circuit hijack,2.3151,1.6472,23
10,43,firstlayer,ATTN1 direct circuit hijack,2.3449,1.2721,23
10,44,firstlayer,ATTN1 direct circuit hijack,2.0645,0.9333,23
10,45,firstlayer,ATTN1 direct circuit hijack,2.241,1.2445,23
10,11,attn2,ATTN2 hijack,97.2892,4.167,23
10,12,attn2,ATTN2 hijack,96.8403,4.3233,23
10,13,attn2,ATTN2 hijack,95.4372,4.654,23
10,14,attn2,ATTN2 hijack,93.6133,5.4023,23
10,15,attn2,ATTN2 hijack,91.1713,6.0779,23
10,16,attn2,ATTN2 hijack,88.4331,6.6168,23
10,17,attn2,ATTN2 hijack,85.1416,7.2061,23
10,18,attn2,ATTN2 hijack,81.9118,7.7556,23
10,19,attn2,ATTN2 hijack,79.2618,8.3096,23
10,20,attn2,ATTN2 hijack,77.5664,8.7928,23
10,21,attn2,ATTN2 hijack,75.8004,9.1945,23
10,22,attn2,ATTN2 hijack,74.25,9.0452,23
10,23,attn2,ATTN2 hijack,72.6097,9.2533,23
10,24,attn2,ATTN2 hijack,70.917,9.15,23
10,25,attn2,ATTN2 hijack,69.4201,9.8571,23
10,26,attn2,ATTN2 hijack,68.4158,10.388,23
10,27,attn2,ATTN2 hijack,67.1406,11.0534,23
10,28,attn2,ATTN2 hijack,65.9629,11.3975,23
10,29,attn2,ATTN2 hijack,64.7218,11.6141,23
10,30,attn2,ATTN2 hijack,64.21,12.1352,23
10,31,attn2,ATTN2 hijack,63.6326,12.5317,23
10,32,attn2,ATTN2 hijack,62.807,13.0974,23
10,33,attn2,ATTN2 hijack,61.9703,13.6993,23
10,34,attn2,ATTN2 hijack,61.2824,13.9696,23
10,35,attn2,ATTN2 hijack,60.4312,13.6079,23
10,36,attn2,ATTN2 hijack,59.3915,14.2488,23
10,37,attn2,ATTN2 hijack,58.7036,14.5765,23
10,38,attn2,ATTN2 hijack,58.1024,14.8258,23
10,39,attn2,ATTN2 hijack,57.0358,14.8944,23
10,40,attn2,ATTN2 hijack,56.6605,14.5706,23
10,41,attn2,ATTN2 hijack,56.8077,14.6007,23
10,42,attn2,ATTN2 hijack,56.6263,14.7839,23
10,43,attn2,ATTN2 hijack,56.0686,14.6844,23
10,44,attn2,ATTN2 hijack,55.1628,14.7147,23
10,45,attn2,ATTN2 hijack,54.8055,14.8687,23
10,11,and_fl,ATTN1 direct+ATTN2 individually succeed,4.4969,7.022,23
10,12,and_fl,ATTN1 direct+ATTN2 individually succeed,2.6578,4.2203,23
10,13,and_fl,ATTN1 direct+ATTN2 individually succeed,1.7229,2.9059,23
10,14,and_fl,ATTN1 direct+ATTN2 individually succeed,1.4291,2.4745,23
10,15,and_fl,ATTN1 direct+ATTN2 individually succeed,1.2918,2.0394,23
10,16,and_fl,ATTN1 direct+ATTN2 individually succeed,1.2883,2.0386,23
10,17,and_fl,ATTN1 direct+ATTN2 individually succeed,1.5199,2.4913,23
10,18,and_fl,ATTN1 direct+ATTN2 individually succeed,1.6257,2.2656,23
10,19,and_fl,ATTN1 direct+ATTN2 individually succeed,2.1017,2.6444,23
10,20,and_fl,ATTN1 direct+ATTN2 individually succeed,2.3107,2.9594,23
10,21,and_fl,ATTN1 direct+ATTN2 individually succeed,2.4451,2.7773,23
10,22,and_fl,ATTN1 direct+ATTN2 individually succeed,2.6347,2.981,23
10,23,and_fl,ATTN1 direct+ATTN2 individually succeed,2.8794,2.8541,23
10,24,and_fl,ATTN1 direct+ATTN2 individually succeed,3.364,2.921,23
10,25,and_fl,ATTN1 direct+ATTN2 individually succeed,3.2775,2.9187,23
10,26,and_fl,ATTN1 direct+ATTN2 individually succeed,3.5124,2.7066,23
10,27,and_fl,ATTN1 direct+ATTN2 individually succeed,3.6988,2.4036,23
10,28,and_fl,ATTN1 direct+ATTN2 individually succeed,3.7368,2.702,23
10,29,and_fl,ATTN1 direct+ATTN2 individually succeed,3.7219,2.8005,23
10,30,and_fl,ATTN1 direct+ATTN2 individually succeed,3.5954,2.3025,23
10,31,and_fl,ATTN1 direct+ATTN2 individually succeed,3.4277,2.2505,23
10,32,and_fl,ATTN1 direct+ATTN2 individually succeed,3.9346,2.2097,23
10,33,and_fl,ATTN1 direct+ATTN2 individually succeed,3.2742,1.8463,23
10,34,and_fl,ATTN1 direct+ATTN2 individually succeed,3.4204,2.1576,23
10,35,and_fl,ATTN1 direct+ATTN2 individually succeed,3.3483,2.0808,23
10,36,and_fl,ATTN1 direct+ATTN2 individually succeed,3.0696,2.2062,23
10,37,and_fl,ATTN1 direct+ATTN2 individually succeed,3.1328,2.233,23
10,38,and_fl,ATTN1 direct+ATTN2 individually succeed,2.6194,1.9532,23
10,39,and_fl,ATTN1 direct+ATTN2 individually succeed,2.5168,1.8258,23
10,40,and_fl,ATTN1 direct+ATTN2 individually succeed,2.3805,1.5676,23
10,41,and_fl,ATTN1 direct+ATTN2 individually succeed,2.4193,1.4379,23
10,42,and_fl,ATTN1 direct+ATTN2 individually succeed,2.3151,1.6472,23
10,43,and_fl,ATTN1 direct+ATTN2 individually succeed,2.3449,1.2721,23
10,44,and_fl,ATTN1 direct+ATTN2 individually succeed,2.0645,0.9333,23
10,45,and_fl,ATTN1 direct+ATTN2 individually succeed,2.241,1.2445,23
20,21,firstlayer,ATTN1 direct circuit hijack,4.888,3.4002,23
20,22,firstlayer,ATTN1 direct circuit hijack,1.1189,1.6826,23
20,23,firstlayer,ATTN1 direct circuit hijack,0.4917,1.0701,23
20,24,firstlayer,ATTN1 direct circuit hijack,0.3804,0.7422,23
20,25,firstlayer,ATTN1 direct circuit hijack,0.4562,0.8825,23
20,26,firstlayer,ATTN1 direct circuit hijack,0.5233,0.9137,23
20,27,firstlayer,ATTN1 direct circuit hijack,0.5773,0.9483,23
20,28,firstlayer,ATTN1 direct circuit hijack,0.5785,0.8961,23
20,29,firstlayer,ATTN1 direct circuit hijack,0.6175,0.9862,23
20,30,firstlayer,ATTN1 direct circuit hijack,0.663,0.9482,23
20,31,firstlayer,ATTN1 direct circuit hijack,0.8316,1.318,23
20,32,firstlayer,ATTN1 direct circuit hijack,0.9964,1.335,23
20,33,firstlayer,ATTN1 direct circuit hijack,1.0366,1.406,23
20,34,firstlayer,ATTN1 direct circuit hijack,1.3971,1.8293,23
20,35,firstlayer,ATTN1 direct circuit hijack,1.3417,1.8555,23
20,36,firstlayer,ATTN1 direct circuit hijack,1.2285,1.5186,23
20,37,firstlayer,ATTN1 direct circuit hijack,1.4178,1.7884,23
20,38,firstlayer,ATTN1 direct circuit hijack,1.3548,1.7352,23
20,39,firstlayer,ATTN1 direct circuit hijack,1.4422,1.7626,23
20,40,firstlayer,ATTN1 direct circuit hijack,1.3265,1.6413,23
20,41,firstlayer,ATTN1 direct circuit hijack,0.3554,0.3822,23
20,42,firstlayer,ATTN1 direct circuit hijack,0.4274,0.461,23
20,43,firstlayer,ATTN1 direct circuit hijack,0.496,0.6981,23
20,44,firstlayer,ATTN1 direct circuit hijack,0.5203,0.6811,23
20,45,firstlayer,ATTN1 direct circuit hijack,0.5633,0.6383,23
20,46,firstlayer,ATTN1 direct circuit hijack,0.6093,0.6139,23
20,47,firstlayer,ATTN1 direct circuit hijack,0.6171,0.7169,23
20,48,firstlayer,ATTN1 direct circuit hijack,0.4891,0.4612,23
20,49,firstlayer,ATTN1 direct circuit hijack,0.4789,0.5321,23
20,50,firstlayer,ATTN1 direct circuit hijack,0.5694,0.5133,23
20,51,firstlayer,ATTN1 direct circuit hijack,0.58,0.5526,23
20,52,firstlayer,ATTN1 direct circuit hijack,0.4934,0.4412,23
20,53,firstlayer,ATTN1 direct circuit hijack,0.467,0.3155,23
20,54,firstlayer,ATTN1 direct circuit hijack,0.4984,0.4919,23
20,55,firstlayer,ATTN1 direct circuit hijack,0.5299,0.4782,23
20,56,firstlayer,ATTN1 direct circuit hijack,0.5397,0.4418,23
20,57,firstlayer,ATTN1 direct circuit hijack,0.6393,0.433,23
20,58,firstlayer,ATTN1 direct circuit hijack,0.6943,0.5975,23
20,59,firstlayer,ATTN1 direct circuit hijack,0.6498,0.4069,23
20,60,firstlayer,ATTN1 direct circuit hijack,0.5406,0.5427,23
20,61,firstlayer,ATTN1 direct circuit hijack,0.4097,0.4093,23
20,62,firstlayer,ATTN1 direct circuit hijack,0.371,0.3899,23
20,63,firstlayer,ATTN1 direct circuit hijack,0.4755,0.5655,23
20,64,firstlayer,ATTN1 direct circuit hijack,0.4998,0.484,23
20,65,firstlayer,ATTN1 direct circuit hijack,0.4134,0.379,23
20,66,firstlayer,ATTN1 direct circuit hijack,0.3821,0.3702,23
20,67,firstlayer,ATTN1 direct circuit hijack,0.3273,0.3114,23
20,68,firstlayer,ATTN1 direct circuit hijack,0.3231,0.3659,23
20,69,firstlayer,ATTN1 direct circuit hijack,0.368,0.321,23
20,70,firstlayer,ATTN1 direct circuit hijack,0.3581,0.3622,23
20,71,firstlayer,ATTN1 direct circuit hijack,0.348,0.3087,23
20,72,firstlayer,ATTN1 direct circuit hijack,0.3725,0.3239,23
20,73,firstlayer,ATTN1 direct circuit hijack,0.519,0.4939,23
20,74,firstlayer,ATTN1 direct circuit hijack,0.4844,0.4703,23
20,75,firstlayer,ATTN1 direct circuit hijack,0.4209,0.5603,23
20,76,firstlayer,ATTN1 direct circuit hijack,0.4627,0.5394,23
20,77,firstlayer,ATTN1 direct circuit hijack,0.7166,0.7692,23
20,78,firstlayer,ATTN1 direct circuit hijack,0.7433,0.8822,23
20,79,firstlayer,ATTN1 direct circuit hijack,0.7782,0.9337,23
20,80,firstlayer,ATTN1 direct circuit hijack,0.8072,1.0261,23
20,21,attn2,ATTN2 hijack,99.9903,0.0416,23
20,22,attn2,ATTN2 hijack,99.9618,0.1144,23
20,23,attn2,ATTN2 hijack,99.9475,0.17,23
20,24,attn2,ATTN2 hijack,99.9082,0.3061,23
20,25,attn2,ATTN2 hijack,99.8643,0.3569,23
20,26,attn2,ATTN2 hijack,99.7674,0.4363,23
20,27,attn2,ATTN2 hijack,99.6333,0.5683,23
20,28,attn2,ATTN2 hijack,99.399,0.72,23
20,29,attn2,ATTN2 hijack,99.0575,0.8776,23
20,30,attn2,ATTN2 hijack,98.7913,0.9426,23
20,31,attn2,ATTN2 hijack,98.4055,1.0896,23
20,32,attn2,ATTN2 hijack,97.9339,1.3515,23
20,33,attn2,ATTN2 hijack,97.5683,1.3795,23
20,34,attn2,ATTN2 hijack,97.2822,1.4041,23
20,35,attn2,ATTN2 hijack,96.6885,1.7139,23
20,36,attn2,ATTN2 hijack,96.2587,1.8739,23
20,37,attn2,ATTN2 hijack,95.4883,2.3,23
20,38,attn2,ATTN2 hijack,95.2623,2.3922,23
20,39,attn2,ATTN2 hijack,94.9545,2.3369,23
20,40,attn2,ATTN2 hijack,95.9276,1.963,23
20,41,attn2,ATTN2 hijack,95.3466,2.9708,23
20,42,attn2,ATTN2 hijack,95.0611,3.0708,23
20,43,attn2,ATTN2 hijack,95.0153,3.2522,23
20,44,attn2,ATTN2 hijack,94.8374,3.4538,23
20,45,attn2,ATTN2 hijack,94.7966,3.357,23
20,46,attn2,ATTN2 hijack,94.5773,3.5049,23
20,47,attn2,ATTN2 hijack,94.3955,3.6939,23
20,48,attn2,ATTN2 hijack,93.9936,3.8613,23
20,49,attn2,ATTN2 hijack,93.8558,4.0893,23
20,50,attn2,ATTN2 hijack,93.5366,4.2481,23
20,51,attn2,ATTN2 hijack,93.599,4.1195,23
20,52,attn2,ATTN2 hijack,93.2817,4.0076,23
20,53,attn2,ATTN2 hijack,92.836,4.0768,23
20,54,attn2,ATTN2 hijack,92.3524,3.9651,23
20,55,attn2,ATTN2 hijack,92.0616,3.8744,23
20,56,attn2,ATTN2 hijack,92.1453,3.7414,23
20,57,attn2,ATTN2 hijack,92.0315,3.7371,23
20,58,attn2,ATTN2 hijack,92.2773,3.7098,23
20,59,attn2,ATTN2 hijack,92.5578,3.576,23
20,60,attn2,ATTN2 hijack,93.9813,2.8812,23
20,61,attn2,ATTN2 hijack,86.6307,4.9389,23
20,62,attn2,ATTN2 hijack,86.6638,5.1362,23
20,63,attn2,ATTN2 hijack,86.4511,5.2423,23
20,64,attn2,ATTN2 hijack,86.1607,5.2504,23
20,65,attn2,ATTN2 hijack,86.1735,5.3793,23
20,66,attn2,ATTN2 hijack,85.7809,5.6524,23
20,67,attn2,ATTN2 hijack,85.8261,5.724,23
20,68,attn2,ATTN2 hijack,85.5317,5.9198,23
20,69,attn2,ATTN2 hijack,85.5913,5.8277,23
20,70,attn2,ATTN2 hijack,85.0561,6.3394,23
20,71,attn2,ATTN2 hijack,84.685,6.6126,23
20,72,attn2,ATTN2 hijack,83.9575,6.4985,23
20,73,attn2,ATTN2 hijack,83.6427,7.1807,23
20,74,attn2,ATTN2 hijack,83.4118,6.8941,23
20,75,attn2,ATTN2 hijack,83.335,7.07,23
20,76,attn2,ATTN2 hijack,83.1133,7.2508,23
20,77,attn2,ATTN2 hijack,83.2164,7.2246,23
20,78,attn2,ATTN2 hijack,83.3029,7.334,23
20,79,attn2,ATTN2 hijack,83.3236,7.3969,23
20,80,attn2,ATTN2 hijack,85.2748,7.4508,23
20,21,and_fl,ATTN1 direct+ATTN2 individually succeed,4.888,3.4002,23
20,22,and_fl,ATTN1 direct+ATTN2 individually succeed,1.1189,1.6826,23
20,23,and_fl,ATTN1 direct+ATTN2 individually succeed,0.4917,1.0701,23
20,24,and_fl,ATTN1 direct+ATTN2 individually succeed,0.3804,0.7422,23
20,25,and_fl,ATTN1 direct+ATTN2 individually succeed,0.4562,0.8825,23
20,26,and_fl,ATTN1 direct+ATTN2 individually succeed,0.5233,0.9137,23
20,27,and_fl,ATTN1 direct+ATTN2 individually succeed,0.5773,0.9483,23
20,28,and_fl,ATTN1 direct+ATTN2 individually succeed,0.5785,0.8961,23
20,29,and_fl,ATTN1 direct+ATTN2 individually succeed,0.6175,0.9862,23
20,30,and_fl,ATTN1 direct+ATTN2 individually succeed,0.663,0.9482,23
20,31,and_fl,ATTN1 direct+ATTN2 individually succeed,0.8316,1.318,23
20,32,and_fl,ATTN1 direct+ATTN2 individually succeed,0.9964,1.335,23
20,33,and_fl,ATTN1 direct+ATTN2 individually succeed,1.0366,1.406,23
20,34,and_fl,ATTN1 direct+ATTN2 individually succeed,1.3971,1.8293,23
20,35,and_fl,ATTN1 direct+ATTN2 individually succeed,1.3417,1.8555,23
20,36,and_fl,ATTN1 direct+ATTN2 individually succeed,1.2285,1.5186,23
20,37,and_fl,ATTN1 direct+ATTN2 individually succeed,1.4178,1.7884,23
20,38,and_fl,ATTN1 direct+ATTN2 individually succeed,1.3548,1.7352,23
20,39,and_fl,ATTN1 direct+ATTN2 individually succeed,1.4422,1.7626,23
20,40,and_fl,ATTN1 direct+ATTN2 individually succeed,1.3265,1.6413,23
20,41,and_fl,ATTN1 direct+ATTN2 individually succeed,0.3554,0.3822,23
20,42,and_fl,ATTN1 direct+ATTN2 individually succeed,0.4274,0.461,23
20,43,and_fl,ATTN1 direct+ATTN2 individually succeed,0.496,0.6981,23
20,44,and_fl,ATTN1 direct+ATTN2 individually succeed,0.5203,0.6811,23
20,45,and_fl,ATTN1 direct+ATTN2 individually succeed,0.5633,0.6383,23
20,46,and_fl,ATTN1 direct+ATTN2 individually succeed,0.6093,0.6139,23
20,47,and_fl,ATTN1 direct+ATTN2 individually succeed,0.6171,0.7169,23
20,48,and_fl,ATTN1 direct+ATTN2 individually succeed,0.4891,0.4612,23
20,49,and_fl,ATTN1 direct+ATTN2 individually succeed,0.4789,0.5321,23
20,50,and_fl,ATTN1 direct+ATTN2 individually succeed,0.5694,0.5133,23
20,51,and_fl,ATTN1 direct+ATTN2 individually succeed,0.58,0.5526,23
20,52,and_fl,ATTN1 direct+ATTN2 individually succeed,0.4934,0.4412,23
20,53,and_fl,ATTN1 direct+ATTN2 individually succeed,0.467,0.3155,23
20,54,and_fl,ATTN1 direct+ATTN2 individually succeed,0.4984,0.4919,23
20,55,and_fl,ATTN1 direct+ATTN2 individually succeed,0.5299,0.4782,23
20,56,and_fl,ATTN1 direct+ATTN2 individually succeed,0.5397,0.4418,23
20,57,and_fl,ATTN1 direct+ATTN2 individually succeed,0.6393,0.433,23
20,58,and_fl,ATTN1 direct+ATTN2 individually succeed,0.6943,0.5975,23
20,59,and_fl,ATTN1 direct+ATTN2 individually succeed,0.6498,0.4069,23
20,60,and_fl,ATTN1 direct+ATTN2 individually succeed,0.5406,0.5427,23
20,61,and_fl,ATTN1 direct+ATTN2 individually succeed,0.4097,0.4093,23
20,62,and_fl,ATTN1 direct+ATTN2 individually succeed,0.371,0.3899,23
20,63,and_fl,ATTN1 direct+ATTN2 individually succeed,0.4755,0.5655,23
20,64,and_fl,ATTN1 direct+ATTN2 individually succeed,0.4998,0.484,23
20,65,and_fl,ATTN1 direct+ATTN2 individually succeed,0.4134,0.379,23
20,66,and_fl,ATTN1 direct+ATTN2 individually succeed,0.3821,0.3702,23
20,67,and_fl,ATTN1 direct+ATTN2 individually succeed,0.3273,0.3114,23
20,68,and_fl,ATTN1 direct+ATTN2 individually succeed,0.3231,0.3659,23
20,69,and_fl,ATTN1 direct+ATTN2 individually succeed,0.368,0.321,23
20,70,and_fl,ATTN1 direct+ATTN2 individually succeed,0.3581,0.3622,23
20,71,and_fl,ATTN1 direct+ATTN2 individually succeed,0.348,0.3087,23
20,72,and_fl,ATTN1 direct+ATTN2 individually succeed,0.3725,0.3239,23
20,73,and_fl,ATTN1 direct+ATTN2 individually succeed,0.519,0.4939,23
20,74,and_fl,ATTN1 direct+ATTN2 individually succeed,0.4844,0.4703,23
20,75,and_fl,ATTN1 direct+ATTN2 individually succeed,0.4209,0.5603,23
20,76,and_fl,ATTN1 direct+ATTN2 individually succeed,0.4627,0.5394,23
20,77,and_fl,ATTN1 direct+ATTN2 individually succeed,0.7166,0.7692,23
20,78,and_fl,ATTN1 direct+ATTN2 individually succeed,0.7433,0.8822,23
20,79,and_fl,ATTN1 direct+ATTN2 individually succeed,0.7782,0.9337,23
20,80,and_fl,ATTN1 direct+ATTN2 individually succeed,0.8072,1.0261,23
40,41,firstlayer,ATTN1 direct circuit hijack,2.5053,1.5232,23
40,42,firstlayer,ATTN1 direct circuit hijack,0.6142,0.6138,23
40,43,firstlayer,ATTN1 direct circuit hijack,0.241,0.3646,23
40,44,firstlayer,ATTN1 direct circuit hijack,0.1208,0.2599,23
40,45,firstlayer,ATTN1 direct circuit hijack,0.0391,0.1322,23
40,46,firstlayer,ATTN1 direct circuit hijack,0.1185,0.212,23
40,47,firstlayer,ATTN1 direct circuit hijack,0.0626,0.1464,23
40,48,firstlayer,ATTN1 direct circuit hijack,0.0609,0.1567,23
40,49,firstlayer,ATTN1 direct circuit hijack,0.0742,0.2055,23
40,50,firstlayer,ATTN1 direct circuit hijack,0.08,0.2311,23
40,51,firstlayer,ATTN1 direct circuit hijack,0.116,0.1763,23
40,52,firstlayer,ATTN1 direct circuit hijack,0.1181,0.2073,23
40,53,firstlayer,ATTN1 direct circuit hijack,0.1156,0.2623,23
40,54,firstlayer,ATTN1 direct circuit hijack,0.1168,0.2011,23
40,55,firstlayer,ATTN1 direct circuit hijack,0.0742,0.1762,23
40,56,firstlayer,ATTN1 direct circuit hijack,0.102,0.1752,23
40,57,firstlayer,ATTN1 direct circuit hijack,0.1806,0.2455,23
40,58,firstlayer,ATTN1 direct circuit hijack,0.2662,0.4745,23
40,59,firstlayer,ATTN1 direct circuit hijack,0.2937,0.4294,23
40,60,firstlayer,ATTN1 direct circuit hijack,0.2722,0.4176,23
40,61,firstlayer,ATTN1 direct circuit hijack,0.3914,0.6641,23
40,62,firstlayer,ATTN1 direct circuit hijack,0.2686,0.5463,23
40,63,firstlayer,ATTN1 direct circuit hijack,0.3389,0.6047,23
40,64,firstlayer,ATTN1 direct circuit hijack,0.4076,0.6519,23
40,65,firstlayer,ATTN1 direct circuit hijack,0.0905,0.1692,23
40,66,firstlayer,ATTN1 direct circuit hijack,0.0702,0.1429,23
40,67,firstlayer,ATTN1 direct circuit hijack,0.0528,0.1088,23
40,68,firstlayer,ATTN1 direct circuit hijack,0.0333,0.0842,23
40,69,firstlayer,ATTN1 direct circuit hijack,0.0903,0.1771,23
40,70,firstlayer,ATTN1 direct circuit hijack,0.0954,0.1205,23
40,71,firstlayer,ATTN1 direct circuit hijack,0.1015,0.1567,23
40,72,firstlayer,ATTN1 direct circuit hijack,0.0366,0.0689,23
40,73,firstlayer,ATTN1 direct circuit hijack,0.1307,0.2151,23
40,74,firstlayer,ATTN1 direct circuit hijack,0.1747,0.2724,23
40,75,firstlayer,ATTN1 direct circuit hijack,0.1472,0.2704,23
40,76,firstlayer,ATTN1 direct circuit hijack,0.2224,0.3651,23
40,77,firstlayer,ATTN1 direct circuit hijack,0.1939,0.4917,23
40,78,firstlayer,ATTN1 direct circuit hijack,0.3647,0.8732,23
40,79,firstlayer,ATTN1 direct circuit hijack,0.3675,1.0405,23
40,80,firstlayer,ATTN1 direct circuit hijack,0.3341,0.9906,23
40,81,firstlayer,ATTN1 direct circuit hijack,0.342,0.9846,23
40,82,firstlayer,ATTN1 direct circuit hijack,0.3185,0.9446,23
40,83,firstlayer,ATTN1 direct circuit hijack,0.4064,0.8523,23
40,84,firstlayer,ATTN1 direct circuit hijack,0.4866,0.9147,23
40,85,firstlayer,ATTN1 direct circuit hijack,0.3472,0.7029,23
40,86,firstlayer,ATTN1 direct circuit hijack,0.3827,1.0833,23
40,87,firstlayer,ATTN1 direct circuit hijack,0.3775,0.9789,23
40,88,firstlayer,ATTN1 direct circuit hijack,0.3251,0.6755,23
40,89,firstlayer,ATTN1 direct circuit hijack,0.2539,0.4707,23
40,90,firstlayer,ATTN1 direct circuit hijack,0.1556,0.2792,23
40,91,firstlayer,ATTN1 direct circuit hijack,0.1518,0.2905,23
40,92,firstlayer,ATTN1 direct circuit hijack,0.1739,0.3397,23
40,93,firstlayer,ATTN1 direct circuit hijack,0.1671,0.2997,23
40,94,firstlayer,ATTN1 direct circuit hijack,0.2528,0.5294,23
40,95,firstlayer,ATTN1 direct circuit hijack,0.3389,0.7784,23
40,96,firstlayer,ATTN1 direct circuit hijack,0.3344,0.756,23
40,97,firstlayer,ATTN1 direct circuit hijack,0.3772,0.7415,23
40,98,firstlayer,ATTN1 direct circuit hijack,0.5219,1.0207,23
40,99,firstlayer,ATTN1 direct circuit hijack,0.479,1.0421,23
40,100,firstlayer,ATTN1 direct circuit hijack,0.4622,0.9209,23
40,101,firstlayer,ATTN1 direct circuit hijack,0.4623,0.8235,23
40,102,firstlayer,ATTN1 direct circuit hijack,0.3934,0.7214,23
40,103,firstlayer,ATTN1 direct circuit hijack,0.3508,0.6461,23
40,104,firstlayer,ATTN1 direct circuit hijack,0.3218,0.6308,23
40,105,firstlayer,ATTN1 direct circuit hijack,0.4423,0.7652,23
40,106,firstlayer,ATTN1 direct circuit hijack,0.2442,0.4206,23
40,107,firstlayer,ATTN1 direct circuit hijack,0.4026,0.7844,23
40,108,firstlayer,ATTN1 direct circuit hijack,0.4337,0.7222,23
40,109,firstlayer,ATTN1 direct circuit hijack,0.575,1.0444,23
40,110,firstlayer,ATTN1 direct circuit hijack,0.6414,1.2278,23
40,111,firstlayer,ATTN1 direct circuit hijack,0.5703,1.1918,23
40,112,firstlayer,ATTN1 direct circuit hijack,0.6533,1.207,23
40,113,firstlayer,ATTN1 direct circuit hijack,0.7137,1.3205,23
40,114,firstlayer,ATTN1 direct circuit hijack,0.6751,1.3537,23
40,115,firstlayer,ATTN1 direct circuit hijack,0.6483,1.2794,23
40,116,firstlayer,ATTN1 direct circuit hijack,0.7675,1.4607,23
40,117,firstlayer,ATTN1 direct circuit hijack,0.6296,1.2597,23
40,118,firstlayer,ATTN1 direct circuit hijack,0.5098,1.0477,23
40,119,firstlayer,ATTN1 direct circuit hijack,0.4204,0.8123,23
40,120,firstlayer,ATTN1 direct circuit hijack,0.3815,0.715,23
40,121,firstlayer,ATTN1 direct circuit hijack,0.4948,1.0542,23
40,122,firstlayer,ATTN1 direct circuit hijack,0.5875,1.1897,23
40,123,firstlayer,ATTN1 direct circuit hijack,0.4538,0.8893,23
40,124,firstlayer,ATTN1 direct circuit hijack,0.353,0.7309,23
40,125,firstlayer,ATTN1 direct circuit hijack,0.4842,1.0205,23
40,126,firstlayer,ATTN1 direct circuit hijack,0.4798,0.9018,23
40,127,firstlayer,ATTN1 direct circuit hijack,0.5263,0.9671,23
40,128,firstlayer,ATTN1 direct circuit hijack,0.5095,0.9495,23
40,129,firstlayer,ATTN1 direct circuit hijack,0.5653,1.0948,23
40,130,firstlayer,ATTN1 direct circuit hijack,0.6066,1.0945,23
40,131,firstlayer,ATTN1 direct circuit hijack,0.7771,1.4138,23
40,132,firstlayer,ATTN1 direct circuit hijack,0.7117,1.4089,23
40,133,firstlayer,ATTN1 direct circuit hijack,0.7273,1.3944,23
40,134,firstlayer,ATTN1 direct circuit hijack,0.666,1.4276,23
40,135,firstlayer,ATTN1 direct circuit hijack,0.8142,1.696,23
40,136,firstlayer,ATTN1 direct circuit hijack,0.8407,1.8576,23
40,137,firstlayer,ATTN1 direct circuit hijack,0.8754,1.863,23
40,138,firstlayer,ATTN1 direct circuit hijack,0.8452,1.8885,23
40,139,firstlayer,ATTN1 direct circuit hijack,0.9127,1.9309,23
40,140,firstlayer,ATTN1 direct circuit hijack,1.0215,2.1117,23
40,141,firstlayer,ATTN1 direct circuit hijack,0.9258,1.7682,23
40,142,firstlayer,ATTN1 direct circuit hijack,0.906,1.5687,23
40,143,firstlayer,ATTN1 direct circuit hijack,0.7682,1.384,23
40,144,firstlayer,ATTN1 direct circuit hijack,0.8637,1.569,23
40,145,firstlayer,ATTN1 direct circuit hijack,0.7179,1.4792,23
40,146,firstlayer,ATTN1 direct circuit hijack,0.7401,1.8156,23
40,147,firstlayer,ATTN1 direct circuit hijack,0.7993,1.79,23
40,148,firstlayer,ATTN1 direct circuit hijack,0.7322,1.6565,23
40,149,firstlayer,ATTN1 direct circuit hijack,0.6648,1.6155,23
40,150,firstlayer,ATTN1 direct circuit hijack,0.7242,1.5328,23
40,151,firstlayer,ATTN1 direct circuit hijack,0.7395,1.4477,23
40,152,firstlayer,ATTN1 direct circuit hijack,0.849,1.4082,23
40,153,firstlayer,ATTN1 direct circuit hijack,0.7751,1.5823,23
40,154,firstlayer,ATTN1 direct circuit hijack,0.7858,1.5796,23
40,155,firstlayer,ATTN1 direct circuit hijack,0.9719,1.8628,23
40,156,firstlayer,ATTN1 direct circuit hijack,0.7877,1.8122,23
40,157,firstlayer,ATTN1 direct circuit hijack,0.9222,1.9301,23
40,158,firstlayer,ATTN1 direct circuit hijack,0.8757,1.7076,23
40,159,firstlayer,ATTN1 direct circuit hijack,0.8092,2.0742,23
40,160,firstlayer,ATTN1 direct circuit hijack,0.8881,2.1067,23
40,41,attn2,ATTN2 hijack,99.9991,0.0043,23
40,42,attn2,ATTN2 hijack,100.0,0.0,23
40,43,attn2,ATTN2 hijack,99.9907,0.0435,23
40,44,attn2,ATTN2 hijack,99.9935,0.0305,23
40,45,attn2,ATTN2 hijack,99.9842,0.0522,23
40,46,attn2,ATTN2 hijack,99.972,0.092,23
40,47,attn2,ATTN2 hijack,99.9327,0.1184,23
40,48,attn2,ATTN2 hijack,99.8698,0.2453,23
40,49,attn2,ATTN2 hijack,99.8563,0.2653,23
40,50,attn2,ATTN2 hijack,99.8419,0.2243,23
40,51,attn2,ATTN2 hijack,99.752,0.3589,23
40,52,attn2,ATTN2 hijack,99.6153,0.4876,23
40,53,attn2,ATTN2 hijack,99.6097,0.453,23
40,54,attn2,ATTN2 hijack,99.4019,0.5298,23
40,55,attn2,ATTN2 hijack,99.3968,0.5842,23
40,56,attn2,ATTN2 hijack,99.3555,0.5914,23
40,57,attn2,ATTN2 hijack,99.2155,0.5982,23
40,58,attn2,ATTN2 hijack,99.0289,0.7516,23
40,59,attn2,ATTN2 hijack,98.8367,0.833,23
40,60,attn2,ATTN2 hijack,98.8255,0.9444,23
40,61,attn2,ATTN2 hijack,98.7014,1.1441,23
40,62,attn2,ATTN2 hijack,98.5556,1.1563,23
40,63,attn2,ATTN2 hijack,98.5485,0.9328,23
40,64,attn2,ATTN2 hijack,98.9771,0.7893,23
40,65,attn2,ATTN2 hijack,99.5049,0.5161,23
40,66,attn2,ATTN2 hijack,99.4346,0.5188,23
40,67,attn2,ATTN2 hijack,99.2975,0.5224,23
40,68,attn2,ATTN2 hijack,99.2832,0.5832,23
40,69,attn2,ATTN2 hijack,99.2531,0.5888,23
40,70,attn2,ATTN2 hijack,99.2741,0.6824,23
40,71,attn2,ATTN2 hijack,99.2961,0.6486,23
40,72,attn2,ATTN2 hijack,99.2668,0.6907,23
40,73,attn2,ATTN2 hijack,99.1364,0.7995,23
40,74,attn2,ATTN2 hijack,99.1801,0.7623,23
40,75,attn2,ATTN2 hijack,99.0618,0.6991,23
40,76,attn2,ATTN2 hijack,99.1693,0.698,23
40,77,attn2,ATTN2 hijack,99.0965,0.75,23
40,78,attn2,ATTN2 hijack,98.9491,0.8727,23
40,79,attn2,ATTN2 hijack,98.9156,0.8804,23
40,80,attn2,ATTN2 hijack,99.0791,0.837,23
40,81,attn2,ATTN2 hijack,99.0114,0.7723,23
40,82,attn2,ATTN2 hijack,98.9434,0.9977,23
40,83,attn2,ATTN2 hijack,98.8811,0.799,23
40,84,attn2,ATTN2 hijack,98.9334,0.8351,23
40,85,attn2,ATTN2 hijack,98.941,0.8486,23
40,86,attn2,ATTN2 hijack,98.8916,0.6626,23
40,87,attn2,ATTN2 hijack,98.9872,0.4768,23
40,88,attn2,ATTN2 hijack,99.235,0.4226,23
40,89,attn2,ATTN2 hijack,98.5918,0.9149,23
40,90,attn2,ATTN2 hijack,98.571,0.9363,23
40,91,attn2,ATTN2 hijack,98.3321,0.8855,23
40,92,attn2,ATTN2 hijack,98.2464,0.9012,23
40,93,attn2,ATTN2 hijack,98.4248,0.9338,23
40,94,attn2,ATTN2 hijack,98.369,0.9939,23
40,95,attn2,ATTN2 hijack,98.3735,0.8755,23
40,96,attn2,ATTN2 hijack,98.3372,1.018,23
40,97,attn2,ATTN2 hijack,98.3457,1.0139,23
40,98,attn2,ATTN2 hijack,98.1653,1.1244,23
40,99,attn2,ATTN2 hijack,98.1777,1.1549,23
40,100,attn2,ATTN2 hijack,97.8862,1.1934,23
40,101,attn2,ATTN2 hijack,97.8081,1.2813,23
40,102,attn2,ATTN2 hijack,97.6129,1.3718,23
40,103,attn2,ATTN2 hijack,97.5019,1.4156,23
40,104,attn2,ATTN2 hijack,97.4318,1.4507,23
40,105,attn2,ATTN2 hijack,97.2492,1.4339,23
40,106,attn2,ATTN2 hijack,97.2542,1.4236,23
40,107,attn2,ATTN2 hijack,97.1401,1.5497,23
40,108,attn2,ATTN2 hijack,97.415,1.2897,23
40,109,attn2,ATTN2 hijack,97.4906,1.2183,23
40,110,attn2,ATTN2 hijack,97.5773,1.3844,23
40,111,attn2,ATTN2 hijack,97.876,1.1537,23
40,112,attn2,ATTN2 hijack,98.562,0.8697,23
40,113,attn2,ATTN2 hijack,96.8356,1.691,23
40,114,attn2,ATTN2 hijack,96.7227,1.8902,23
40,115,attn2,ATTN2 hijack,96.6477,2.0832,23
40,116,attn2,ATTN2 hijack,96.4712,1.8935,23
40,117,attn2,ATTN2 hijack,96.219,2.3408,23
40,118,attn2,ATTN2 hijack,96.3297,2.1544,23
40,119,attn2,ATTN2 hijack,96.2994,2.1991,23
40,120,attn2,ATTN2 hijack,96.1957,2.3347,23
40,121,attn2,ATTN2 hijack,96.0825,2.3384,23
40,122,attn2,ATTN2 hijack,96.0011,2.3541,23
40,123,attn2,ATTN2 hijack,95.7651,2.1348,23
40,124,attn2,ATTN2 hijack,95.5939,2.1063,23
40,125,attn2,ATTN2 hijack,95.696,2.2072,23
40,126,attn2,ATTN2 hijack,95.8448,2.4037,23
40,127,attn2,ATTN2 hijack,95.5867,2.6115,23
40,128,attn2,ATTN2 hijack,95.6125,2.5809,23
40,129,attn2,ATTN2 hijack,95.3922,2.4381,23
40,130,attn2,ATTN2 hijack,95.1184,2.8588,23
40,131,attn2,ATTN2 hijack,94.9698,2.682,23
40,132,attn2,ATTN2 hijack,95.0744,2.1681,23
40,133,attn2,ATTN2 hijack,95.1933,2.3191,23
40,134,attn2,ATTN2 hijack,95.1875,2.1932,23
40,135,attn2,ATTN2 hijack,95.4965,2.0097,23
40,136,attn2,ATTN2 hijack,96.6015,1.8155,23
40,137,attn2,ATTN2 hijack,93.6383,2.8851,23
40,138,attn2,ATTN2 hijack,93.2748,2.9296,23
40,139,attn2,ATTN2 hijack,93.0435,3.0649,23
40,140,attn2,ATTN2 hijack,93.1533,3.2362,23
40,141,attn2,ATTN2 hijack,92.7868,3.3023,23
40,142,attn2,ATTN2 hijack,92.7051,3.4225,23
40,143,attn2,ATTN2 hijack,92.3459,3.3214,23
40,144,attn2,ATTN2 hijack,92.1775,3.5872,23
40,145,attn2,ATTN2 hijack,91.8173,3.6173,23
40,146,attn2,ATTN2 hijack,91.8876,3.3129,23
40,147,attn2,ATTN2 hijack,91.3842,3.5373,23
40,148,attn2,ATTN2 hijack,91.2482,3.6066,23
40,149,attn2,ATTN2 hijack,90.8624,3.5477,23
40,150,attn2,ATTN2 hijack,90.4696,3.2333,23
40,151,attn2,ATTN2 hijack,90.3601,3.3307,23
40,152,attn2,ATTN2 hijack,90.3647,3.6629,23
40,153,attn2,ATTN2 hijack,89.7626,3.3145,23
40,154,attn2,ATTN2 hijack,89.881,3.5725,23
40,155,attn2,ATTN2 hijack,89.8673,3.3135,23
40,156,attn2,ATTN2 hijack,89.1768,3.5405,23
40,157,attn2,ATTN2 hijack,89.5015,3.602,23
40,158,attn2,ATTN2 hijack,89.284,3.5384,23
40,159,attn2,ATTN2 hijack,89.963,3.3083,23
40,160,attn2,ATTN2 hijack,91.8046,2.7775,23
40,41,and_fl,ATTN1 direct+ATTN2 individually succeed,2.5053,1.5232,23
40,42,and_fl,ATTN1 direct+ATTN2 individually succeed,0.6142,0.6138,23
40,43,and_fl,ATTN1 direct+ATTN2 individually succeed,0.241,0.3646,23
40,44,and_fl,ATTN1 direct+ATTN2 individually succeed,0.1208,0.2599,23
40,45,and_fl,ATTN1 direct+ATTN2 individually succeed,0.0391,0.1322,23
40,46,and_fl,ATTN1 direct+ATTN2 individually succeed,0.1185,0.212,23
40,47,and_fl,ATTN1 direct+ATTN2 individually succeed,0.0626,0.1464,23
40,48,and_fl,ATTN1 direct+ATTN2 individually succeed,0.0609,0.1567,23
40,49,and_fl,ATTN1 direct+ATTN2 individually succeed,0.0742,0.2055,23
40,50,and_fl,ATTN1 direct+ATTN2 individually succeed,0.08,0.2311,23
40,51,and_fl,ATTN1 direct+ATTN2 individually succeed,0.116,0.1763,23
40,52,and_fl,ATTN1 direct+ATTN2 individually succeed,0.1181,0.2073,23
40,53,and_fl,ATTN1 direct+ATTN2 individually succeed,0.1156,0.2623,23
40,54,and_fl,ATTN1 direct+ATTN2 individually succeed,0.1168,0.2011,23
40,55,and_fl,ATTN1 direct+ATTN2 individually succeed,0.0742,0.1762,23
40,56,and_fl,ATTN1 direct+ATTN2 individually succeed,0.102,0.1752,23
40,57,and_fl,ATTN1 direct+ATTN2 individually succeed,0.1806,0.2455,23
40,58,and_fl,ATTN1 direct+ATTN2 individually succeed,0.2662,0.4745,23
40,59,and_fl,ATTN1 direct+ATTN2 individually succeed,0.2937,0.4294,23
40,60,and_fl,ATTN1 direct+ATTN2 individually succeed,0.2722,0.4176,23
40,61,and_fl,ATTN1 direct+ATTN2 individually succeed,0.3914,0.6641,23
40,62,and_fl,ATTN1 direct+ATTN2 individually succeed,0.2686,0.5463,23
40,63,and_fl,ATTN1 direct+ATTN2 individually succeed,0.3389,0.6047,23
40,64,and_fl,ATTN1 direct+ATTN2 individually succeed,0.4076,0.6519,23
40,65,and_fl,ATTN1 direct+ATTN2 individually succeed,0.0905,0.1692,23
40,66,and_fl,ATTN1 direct+ATTN2 individually succeed,0.0702,0.1429,23
40,67,and_fl,ATTN1 direct+ATTN2 individually succeed,0.0528,0.1088,23
40,68,and_fl,ATTN1 direct+ATTN2 individually succeed,0.0333,0.0842,23
40,69,and_fl,ATTN1 direct+ATTN2 individually succeed,0.0903,0.1771,23
40,70,and_fl,ATTN1 direct+ATTN2 individually succeed,0.0954,0.1205,23
40,71,and_fl,ATTN1 direct+ATTN2 individually succeed,0.1015,0.1567,23
40,72,and_fl,ATTN1 direct+ATTN2 individually succeed,0.0366,0.0689,23
40,73,and_fl,ATTN1 direct+ATTN2 individually succeed,0.1307,0.2151,23
40,74,and_fl,ATTN1 direct+ATTN2 individually succeed,0.1747,0.2724,23
40,75,and_fl,ATTN1 direct+ATTN2 individually succeed,0.1472,0.2704,23
40,76,and_fl,ATTN1 direct+ATTN2 individually succeed,0.2224,0.3651,23
40,77,and_fl,ATTN1 direct+ATTN2 individually succeed,0.1939,0.4917,23
40,78,and_fl,ATTN1 direct+ATTN2 individually succeed,0.3647,0.8732,23
40,79,and_fl,ATTN1 direct+ATTN2 individually succeed,0.3675,1.0405,23
40,80,and_fl,ATTN1 direct+ATTN2 individually succeed,0.3341,0.9906,23
40,81,and_fl,ATTN1 direct+ATTN2 individually succeed,0.342,0.9846,23
40,82,and_fl,ATTN1 direct+ATTN2 individually succeed,0.3185,0.9446,23
40,83,and_fl,ATTN1 direct+ATTN2 individually succeed,0.4064,0.8523,23
40,84,and_fl,ATTN1 direct+ATTN2 individually succeed,0.4866,0.9147,23
40,85,and_fl,ATTN1 direct+ATTN2 individually succeed,0.3472,0.7029,23
40,86,and_fl,ATTN1 direct+ATTN2 individually succeed,0.3827,1.0833,23
40,87,and_fl,ATTN1 direct+ATTN2 individually succeed,0.3775,0.9789,23
40,88,and_fl,ATTN1 direct+ATTN2 individually succeed,0.3251,0.6755,23
40,89,and_fl,ATTN1 direct+ATTN2 individually succeed,0.2539,0.4707,23
40,90,and_fl,ATTN1 direct+ATTN2 individually succeed,0.1556,0.2792,23
40,91,and_fl,ATTN1 direct+ATTN2 individually succeed,0.1518,0.2905,23
40,92,and_fl,ATTN1 direct+ATTN2 individually succeed,0.1739,0.3397,23
40,93,and_fl,ATTN1 direct+ATTN2 individually succeed,0.1671,0.2997,23
40,94,and_fl,ATTN1 direct+ATTN2 individually succeed,0.2528,0.5294,23
40,95,and_fl,ATTN1 direct+ATTN2 individually succeed,0.3389,0.7784,23
40,96,and_fl,ATTN1 direct+ATTN2 individually succeed,0.3344,0.756,23
40,97,and_fl,ATTN1 direct+ATTN2 individually succeed,0.3772,0.7415,23
40,98,and_fl,ATTN1 direct+ATTN2 individually succeed,0.5219,1.0207,23
40,99,and_fl,ATTN1 direct+ATTN2 individually succeed,0.479,1.0421,23
40,100,and_fl,ATTN1 direct+ATTN2 individually succeed,0.4622,0.9209,23
40,101,and_fl,ATTN1 direct+ATTN2 individually succeed,0.4623,0.8235,23
40,102,and_fl,ATTN1 direct+ATTN2 individually succeed,0.3934,0.7214,23
40,103,and_fl,ATTN1 direct+ATTN2 individually succeed,0.3508,0.6461,23
40,104,and_fl,ATTN1 direct+ATTN2 individually succeed,0.3218,0.6308,23
40,105,and_fl,ATTN1 direct+ATTN2 individually succeed,0.4423,0.7652,23
40,106,and_fl,ATTN1 direct+ATTN2 individually succeed,0.2442,0.4206,23
40,107,and_fl,ATTN1 direct+ATTN2 individually succeed,0.4026,0.7844,23
40,108,and_fl,ATTN1 direct+ATTN2 individually succeed,0.4337,0.7222,23
40,109,and_fl,ATTN1 direct+ATTN2 individually succeed,0.575,1.0444,23
40,110,and_fl,ATTN1 direct+ATTN2 individually succeed,0.6414,1.2278,23
40,111,and_fl,ATTN1 direct+ATTN2 individually succeed,0.5703,1.1918,23
40,112,and_fl,ATTN1 direct+ATTN2 individually succeed,0.6533,1.207,23
40,113,and_fl,ATTN1 direct+ATTN2 individually succeed,0.7137,1.3205,23
40,114,and_fl,ATTN1 direct+ATTN2 individually succeed,0.6751,1.3537,23
40,115,and_fl,ATTN1 direct+ATTN2 individually succeed,0.6483,1.2794,23
40,116,and_fl,ATTN1 direct+ATTN2 individually succeed,0.7675,1.4607,23
40,117,and_fl,ATTN1 direct+ATTN2 individually succeed,0.6296,1.2597,23
40,118,and_fl,ATTN1 direct+ATTN2 individually succeed,0.5098,1.0477,23
40,119,and_fl,ATTN1 direct+ATTN2 individually succeed,0.4204,0.8123,23
40,120,and_fl,ATTN1 direct+ATTN2 individually succeed,0.3815,0.715,23
40,121,and_fl,ATTN1 direct+ATTN2 individually succeed,0.4948,1.0542,23
40,122,and_fl,ATTN1 direct+ATTN2 individually succeed,0.5875,1.1897,23
40,123,and_fl,ATTN1 direct+ATTN2 individually succeed,0.4538,0.8893,23
40,124,and_fl,ATTN1 direct+ATTN2 individually succeed,0.353,0.7309,23
40,125,and_fl,ATTN1 direct+ATTN2 individually succeed,0.4842,1.0205,23
40,126,and_fl,ATTN1 direct+ATTN2 individually succeed,0.4798,0.9018,23
40,127,and_fl,ATTN1 direct+ATTN2 individually succeed,0.5263,0.9671,23
40,128,and_fl,ATTN1 direct+ATTN2 individually succeed,0.5095,0.9495,23
40,129,and_fl,ATTN1 direct+ATTN2 individually succeed,0.5653,1.0948,23
40,130,and_fl,ATTN1 direct+ATTN2 individually succeed,0.6066,1.0945,23
40,131,and_fl,ATTN1 direct+ATTN2 individually succeed,0.7771,1.4138,23
40,132,and_fl,ATTN1 direct+ATTN2 individually succeed,0.7117,1.4089,23
40,133,and_fl,ATTN1 direct+ATTN2 individually succeed,0.7273,1.3944,23
40,134,and_fl,ATTN1 direct+ATTN2 individually succeed,0.666,1.4276,23
40,135,and_fl,ATTN1 direct+ATTN2 individually succeed,0.8142,1.696,23
40,136,and_fl,ATTN1 direct+ATTN2 individually succeed,0.8407,1.8576,23
40,137,and_fl,ATTN1 direct+ATTN2 individually succeed,0.8754,1.863,23
40,138,and_fl,ATTN1 direct+ATTN2 individually succeed,0.8452,1.8885,23
40,139,and_fl,ATTN1 direct+ATTN2 individually succeed,0.9127,1.9309,23
40,140,and_fl,ATTN1 direct+ATTN2 individually succeed,1.0215,2.1117,23
40,141,and_fl,ATTN1 direct+ATTN2 individually succeed,0.9258,1.7682,23
40,142,and_fl,ATTN1 direct+ATTN2 individually succeed,0.906,1.5687,23
40,143,and_fl,ATTN1 direct+ATTN2 individually succeed,0.7682,1.384,23
40,144,and_fl,ATTN1 direct+ATTN2 individually succeed,0.8637,1.569,23
40,145,and_fl,ATTN1 direct+ATTN2 individually succeed,0.7179,1.4792,23
40,146,and_fl,ATTN1 direct+ATTN2 individually succeed,0.7401,1.8156,23
40,147,and_fl,ATTN1 direct+ATTN2 individually succeed,0.7993,1.79,23
40,148,and_fl,ATTN1 direct+ATTN2 individually succeed,0.7322,1.6565,23
40,149,and_fl,ATTN1 direct+ATTN2 individually succeed,0.6648,1.6155,23
40,150,and_fl,ATTN1 direct+ATTN2 individually succeed,0.7242,1.5328,23
40,151,and_fl,ATTN1 direct+ATTN2 individually succeed,0.7395,1.4477,23
40,152,and_fl,ATTN1 direct+ATTN2 individually succeed,0.849,1.4082,23
40,153,and_fl,ATTN1 direct+ATTN2 individually succeed,0.7751,1.5823,23
40,154,and_fl,ATTN1 direct+ATTN2 individually succeed,0.7858,1.5796,23
40,155,and_fl,ATTN1 direct+ATTN2 individually succeed,0.9719,1.8628,23
40,156,and_fl,ATTN1 direct+ATTN2 individually succeed,0.7877,1.8122,23
40,157,and_fl,ATTN1 direct+ATTN2 individually succeed,0.9222,1.9301,23
40,158,and_fl,ATTN1 direct+ATTN2 individually succeed,0.8757,1.7076,23
40,159,and_fl,ATTN1 direct+ATTN2 individually succeed,0.8092,2.0742,23
40,160,and_fl,ATTN1 direct+ATTN2 individually succeed,0.8881,2.1067,23
60,61,firstlayer,ATTN1 direct circuit hijack,8.0006,6.2958,23
60,62,firstlayer,ATTN1 direct circuit hijack,2.1082,2.2978,23
60,63,firstlayer,ATTN1 direct circuit hijack,0.6623,0.8158,23
60,64,firstlayer,ATTN1 direct circuit hijack,0.2844,0.3036,23
60,65,firstlayer,ATTN1 direct circuit hijack,0.0759,0.1701,23
60,66,firstlayer,ATTN1 direct circuit hijack,0.0302,0.075,23
60,67,firstlayer,ATTN1 direct circuit hijack,0.0254,0.0771,23
60,68,firstlayer,ATTN1 direct circuit hijack,0.0568,0.1461,23
60,69,firstlayer,ATTN1 direct circuit hijack,0.158,0.3574,23
60,70,firstlayer,ATTN1 direct circuit hijack,0.0797,0.2037,23
60,71,firstlayer,ATTN1 direct circuit hijack,0.0986,0.2267,23
60,72,firstlayer,ATTN1 direct circuit hijack,0.1215,0.2321,23
60,73,firstlayer,ATTN1 direct circuit hijack,0.309,0.4894,23
60,74,firstlayer,ATTN1 direct circuit hijack,0.3127,0.3633,23
60,75,firstlayer,ATTN1 direct circuit hijack,0.3234,0.4397,23
60,76,firstlayer,ATTN1 direct circuit hijack,0.373,0.5993,23
60,77,firstlayer,ATTN1 direct circuit hijack,0.4348,0.8328,23
60,78,firstlayer,ATTN1 direct circuit hijack,0.5139,0.9678,23
60,79,firstlayer,ATTN1 direct circuit hijack,0.5995,1.1216,23
60,80,firstlayer,ATTN1 direct circuit hijack,0.6481,1.2751,23
60,81,firstlayer,ATTN1 direct circuit hijack,0.6305,1.3056,23
60,82,firstlayer,ATTN1 direct circuit hijack,0.548,1.1544,23
60,83,firstlayer,ATTN1 direct circuit hijack,0.5868,1.2315,23
60,84,firstlayer,ATTN1 direct circuit hijack,0.577,1.0352,23
60,85,firstlayer,ATTN1 direct circuit hijack,0.7545,1.1981,23
60,86,firstlayer,ATTN1 direct circuit hijack,0.6154,0.9599,23
60,87,firstlayer,ATTN1 direct circuit hijack,0.5483,0.8505,23
60,88,firstlayer,ATTN1 direct circuit hijack,0.442,0.6593,23
60,89,firstlayer,ATTN1 direct circuit hijack,0.1573,0.3782,23
60,90,firstlayer,ATTN1 direct circuit hijack,0.2596,0.588,23
60,91,firstlayer,ATTN1 direct circuit hijack,0.2923,0.7127,23
60,92,firstlayer,ATTN1 direct circuit hijack,0.2847,0.8943,23
60,93,firstlayer,ATTN1 direct circuit hijack,0.2688,0.5702,23
60,94,firstlayer,ATTN1 direct circuit hijack,0.2632,0.6767,23
60,95,firstlayer,ATTN1 direct circuit hijack,0.2867,0.649,23
60,96,firstlayer,ATTN1 direct circuit hijack,0.2582,0.6164,23
60,97,firstlayer,ATTN1 direct circuit hijack,0.3007,0.6538,23
60,98,firstlayer,ATTN1 direct circuit hijack,0.272,0.6471,23
60,99,firstlayer,ATTN1 direct circuit hijack,0.2169,0.4801,23
60,100,firstlayer,ATTN1 direct circuit hijack,0.325,0.7584,23
60,101,firstlayer,ATTN1 direct circuit hijack,0.3025,0.6156,23
60,102,firstlayer,ATTN1 direct circuit hijack,0.3478,0.9532,23
60,103,firstlayer,ATTN1 direct circuit hijack,0.4901,0.923,23
60,104,firstlayer,ATTN1 direct circuit hijack,0.4881,1.1248,23
60,105,firstlayer,ATTN1 direct circuit hijack,0.5384,1.2736,23
60,106,firstlayer,ATTN1 direct circuit hijack,0.5644,1.1108,23
60,107,firstlayer,ATTN1 direct circuit hijack,0.5947,1.3852,23
60,108,firstlayer,ATTN1 direct circuit hijack,0.494,1.1772,23
60,109,firstlayer,ATTN1 direct circuit hijack,0.6333,1.389,23
60,110,firstlayer,ATTN1 direct circuit hijack,0.6273,1.3594,23
60,111,firstlayer,ATTN1 direct circuit hijack,0.4749,0.9166,23
60,112,firstlayer,ATTN1 direct circuit hijack,0.3848,0.7641,23
60,113,firstlayer,ATTN1 direct circuit hijack,0.4642,0.9343,23
60,114,firstlayer,ATTN1 direct circuit hijack,0.5386,1.1839,23
60,115,firstlayer,ATTN1 direct circuit hijack,0.5093,1.0605,23
60,116,firstlayer,ATTN1 direct circuit hijack,0.5786,1.1084,23
60,117,firstlayer,ATTN1 direct circuit hijack,0.4436,0.8685,23
60,118,firstlayer,ATTN1 direct circuit hijack,0.4878,0.9142,23
60,119,firstlayer,ATTN1 direct circuit hijack,0.3938,0.8228,23
60,120,firstlayer,ATTN1 direct circuit hijack,0.4947,0.9478,23
60,121,firstlayer,ATTN1 direct circuit hijack,0.4837,0.9483,23
60,122,firstlayer,ATTN1 direct circuit hijack,0.4604,0.766,23
60,123,firstlayer,ATTN1 direct circuit hijack,0.5566,0.9632,23
60,124,firstlayer,ATTN1 direct circuit hijack,0.5132,1.0535,23
60,125,firstlayer,ATTN1 direct circuit hijack,0.6527,1.211,23
60,126,firstlayer,ATTN1 direct circuit hijack,0.4821,0.8901,23
60,127,firstlayer,ATTN1 direct circuit hijack,0.5545,0.9988,23
60,128,firstlayer,ATTN1 direct circuit hijack,0.4382,0.8598,23
60,129,firstlayer,ATTN1 direct circuit hijack,0.6766,1.2217,23
60,130,firstlayer,ATTN1 direct circuit hijack,0.8525,1.6198,23
60,131,firstlayer,ATTN1 direct circuit hijack,0.8342,1.5837,23
60,132,firstlayer,ATTN1 direct circuit hijack,0.8993,1.6858,23
60,133,firstlayer,ATTN1 direct circuit hijack,0.9086,1.7356,23
60,134,firstlayer,ATTN1 direct circuit hijack,0.9823,1.9773,23
60,135,firstlayer,ATTN1 direct circuit hijack,1.2605,2.5208,23
60,136,firstlayer,ATTN1 direct circuit hijack,1.0754,2.2294,23
60,137,firstlayer,ATTN1 direct circuit hijack,1.0539,2.1592,23
60,138,firstlayer,ATTN1 direct circuit hijack,0.9254,2.1885,23
60,139,firstlayer,ATTN1 direct circuit hijack,0.8393,1.8355,23
60,140,firstlayer,ATTN1 direct circuit hijack,0.942,1.9871,23
60,141,firstlayer,ATTN1 direct circuit hijack,0.7242,1.7158,23
60,142,firstlayer,ATTN1 direct circuit hijack,0.7932,1.7247,23
60,143,firstlayer,ATTN1 direct circuit hijack,0.7435,1.4751,23
60,144,firstlayer,ATTN1 direct circuit hijack,0.7183,1.5336,23
60,145,firstlayer,ATTN1 direct circuit hijack,0.5698,1.3491,23
60,146,firstlayer,ATTN1 direct circuit hijack,0.575,1.2748,23
60,147,firstlayer,ATTN1 direct circuit hijack,0.4443,1.0053,23
60,148,firstlayer,ATTN1 direct circuit hijack,0.4431,1.0956,23
60,149,firstlayer,ATTN1 direct circuit hijack,0.5629,1.2642,23
60,150,firstlayer,ATTN1 direct circuit hijack,0.6438,1.2966,23
60,151,firstlayer,ATTN1 direct circuit hijack,0.6239,1.3356,23
60,152,firstlayer,ATTN1 direct circuit hijack,0.4891,1.0545,23
60,153,firstlayer,ATTN1 direct circuit hijack,0.5317,1.0862,23
60,154,firstlayer,ATTN1 direct circuit hijack,0.6194,1.3203,23
60,155,firstlayer,ATTN1 direct circuit hijack,0.5456,0.9069,23
60,156,firstlayer,ATTN1 direct circuit hijack,0.5911,1.1328,23
60,157,firstlayer,ATTN1 direct circuit hijack,0.6038,1.2446,23
60,158,firstlayer,ATTN1 direct circuit hijack,0.6202,1.1545,23
60,159,firstlayer,ATTN1 direct circuit hijack,0.7735,1.6411,23
60,160,firstlayer,ATTN1 direct circuit hijack,0.6571,1.2709,23
60,161,firstlayer,ATTN1 direct circuit hijack,0.6119,1.2028,23
60,162,firstlayer,ATTN1 direct circuit hijack,0.5665,1.1169,23
60,163,firstlayer,ATTN1 direct circuit hijack,0.5469,1.0168,23
60,164,firstlayer,ATTN1 direct circuit hijack,0.7346,1.4681,23
60,165,firstlayer,ATTN1 direct circuit hijack,0.6916,1.623,23
60,166,firstlayer,ATTN1 direct circuit hijack,0.6409,1.6511,23
60,167,firstlayer,ATTN1 direct circuit hijack,0.6024,1.3791,23
60,168,firstlayer,ATTN1 direct circuit hijack,0.8001,1.6539,23
60,169,firstlayer,ATTN1 direct circuit hijack,0.8721,1.9171,23
60,170,firstlayer,ATTN1 direct circuit hijack,0.8124,1.8547,23
60,171,firstlayer,ATTN1 direct circuit hijack,0.9639,1.9556,23
60,172,firstlayer,ATTN1 direct circuit hijack,1.0332,1.931,23
60,173,firstlayer,ATTN1 direct circuit hijack,0.9876,1.626,23
60,174,firstlayer,ATTN1 direct circuit hijack,0.84,1.4845,23
60,175,firstlayer,ATTN1 direct circuit hijack,0.9689,1.7071,23
60,176,firstlayer,ATTN1 direct circuit hijack,1.0274,1.8445,23
60,177,firstlayer,ATTN1 direct circuit hijack,1.0539,1.9871,23
60,178,firstlayer,ATTN1 direct circuit hijack,1.3213,2.3479,23
60,179,firstlayer,ATTN1 direct circuit hijack,1.5263,2.9773,23
60,180,firstlayer,ATTN1 direct circuit hijack,1.3292,2.6575,23
60,181,firstlayer,ATTN1 direct circuit hijack,1.441,2.72,23
60,182,firstlayer,ATTN1 direct circuit hijack,1.4348,2.628,23
60,183,firstlayer,ATTN1 direct circuit hijack,1.2977,2.5055,23
60,184,firstlayer,ATTN1 direct circuit hijack,1.5801,2.7143,23
60,185,firstlayer,ATTN1 direct circuit hijack,1.182,2.2194,23
60,186,firstlayer,ATTN1 direct circuit hijack,1.111,1.9583,23
60,187,firstlayer,ATTN1 direct circuit hijack,0.9512,1.5826,23
60,188,firstlayer,ATTN1 direct circuit hijack,0.93,1.6422,23
60,189,firstlayer,ATTN1 direct circuit hijack,0.8561,1.6124,23
60,190,firstlayer,ATTN1 direct circuit hijack,0.7575,1.2787,23
60,191,firstlayer,ATTN1 direct circuit hijack,0.879,1.3577,23
60,192,firstlayer,ATTN1 direct circuit hijack,0.8573,1.426,23
60,193,firstlayer,ATTN1 direct circuit hijack,0.8219,1.3695,23
60,194,firstlayer,ATTN1 direct circuit hijack,0.7069,1.1016,23
60,195,firstlayer,ATTN1 direct circuit hijack,0.897,1.5847,23
60,196,firstlayer,ATTN1 direct circuit hijack,0.9576,2.0729,23
60,197,firstlayer,ATTN1 direct circuit hijack,1.1042,1.8583,23
60,198,firstlayer,ATTN1 direct circuit hijack,0.9083,1.8174,23
60,199,firstlayer,ATTN1 direct circuit hijack,0.7682,1.6352,23
60,200,firstlayer,ATTN1 direct circuit hijack,0.91,2.2532,23
60,61,attn2,ATTN2 hijack,100.0,0.0,23
60,62,attn2,ATTN2 hijack,100.0,0.0,23
60,63,attn2,ATTN2 hijack,100.0,0.0,23
60,64,attn2,ATTN2 hijack,100.0,0.0,23
60,65,attn2,ATTN2 hijack,100.0,0.0,23
60,66,attn2,ATTN2 hijack,99.999,0.0046,23
60,67,attn2,ATTN2 hijack,99.999,0.0046,23
60,68,attn2,ATTN2 hijack,99.9941,0.0276,23
60,69,attn2,ATTN2 hijack,99.9892,0.0506,23
60,70,attn2,ATTN2 hijack,99.9754,0.0636,23
60,71,attn2,ATTN2 hijack,99.9724,0.0605,23
60,72,attn2,ATTN2 hijack,99.9545,0.0887,23
60,73,attn2,ATTN2 hijack,99.9584,0.1238,23
60,74,attn2,ATTN2 hijack,99.9394,0.17,23
60,75,attn2,ATTN2 hijack,99.8518,0.3035,23
60,76,attn2,ATTN2 hijack,99.8115,0.3851,23
60,77,attn2,ATTN2 hijack,99.7201,0.5492,23
60,78,attn2,ATTN2 hijack,99.6714,0.5583,23
60,79,attn2,ATTN2 hijack,99.6385,0.7033,23
60,80,attn2,ATTN2 hijack,99.6186,0.7412,23
60,81,attn2,ATTN2 hijack,99.5854,0.8263,23
60,82,attn2,ATTN2 hijack,99.5945,0.7977,23
60,83,attn2,ATTN2 hijack,99.6047,0.7636,23
60,84,attn2,ATTN2 hijack,99.5388,0.7603,23
60,85,attn2,ATTN2 hijack,99.5693,0.6497,23
60,86,attn2,ATTN2 hijack,99.5417,0.5676,23
60,87,attn2,ATTN2 hijack,99.5488,0.6275,23
60,88,attn2,ATTN2 hijack,99.8031,0.3293,23
60,89,attn2,ATTN2 hijack,99.963,0.0948,23
60,90,attn2,ATTN2 hijack,99.9701,0.0779,23
60,91,attn2,ATTN2 hijack,99.9752,0.0893,23
60,92,attn2,ATTN2 hijack,99.9876,0.0454,23
60,93,attn2,ATTN2 hijack,99.9886,0.0385,23
60,94,attn2,ATTN2 hijack,99.9761,0.0639,23
60,95,attn2,ATTN2 hijack,99.9812,0.0463,23
60,96,attn2,ATTN2 hijack,99.9801,0.0509,23
60,97,attn2,ATTN2 hijack,99.978,0.0678,23
60,98,attn2,ATTN2 hijack,99.9821,0.0515,23
60,99,attn2,ATTN2 hijack,99.96,0.0637,23
60,100,attn2,ATTN2 hijack,99.9683,0.0875,23
60,101,attn2,ATTN2 hijack,99.9693,0.107,23
60,102,attn2,ATTN2 hijack,99.9438,0.1494,23
60,103,attn2,ATTN2 hijack,99.9681,0.1008,23
60,104,attn2,ATTN2 hijack,99.9457,0.117,23
60,105,attn2,ATTN2 hijack,99.9445,0.1398,23
60,106,attn2,ATTN2 hijack,99.9336,0.1724,23
60,107,attn2,ATTN2 hijack,99.9345,0.1631,23
60,108,attn2,ATTN2 hijack,99.9268,0.1739,23
60,109,attn2,ATTN2 hijack,99.9018,0.2022,23
60,110,attn2,ATTN2 hijack,99.8994,0.2084,23
60,111,attn2,ATTN2 hijack,99.8927,0.33,23
60,112,attn2,ATTN2 hijack,99.8967,0.2099,23
60,113,attn2,ATTN2 hijack,99.9205,0.1965,23
60,114,attn2,ATTN2 hijack,99.941,0.1545,23
60,115,attn2,ATTN2 hijack,99.9518,0.1045,23
60,116,attn2,ATTN2 hijack,99.9857,0.052,23
60,117,attn2,ATTN2 hijack,99.8767,0.2937,23
60,118,attn2,ATTN2 hijack,99.8599,0.3214,23
60,119,attn2,ATTN2 hijack,99.8484,0.401,23
60,120,attn2,ATTN2 hijack,99.8347,0.3061,23
60,121,attn2,ATTN2 hijack,99.8354,0.3419,23
60,122,attn2,ATTN2 hijack,99.8317,0.3684,23
60,123,attn2,ATTN2 hijack,99.8167,0.4496,23
60,124,attn2,ATTN2 hijack,99.8465,0.3244,23
60,125,attn2,ATTN2 hijack,99.7978,0.3333,23
60,126,attn2,ATTN2 hijack,99.8547,0.3154,23
60,127,attn2,ATTN2 hijack,99.825,0.3489,23
60,128,attn2,ATTN2 hijack,99.8641,0.3141,23
60,129,attn2,ATTN2 hijack,99.7684,0.4949,23
60,130,attn2,ATTN2 hijack,99.7872,0.5309,23
60,131,attn2,ATTN2 hijack,99.7307,0.69,23
60,132,attn2,ATTN2 hijack,99.7277,0.6293,23
60,133,attn2,ATTN2 hijack,99.7052,0.6849,23
60,134,attn2,ATTN2 hijack,99.6802,0.7165,23
60,135,attn2,ATTN2 hijack,99.729,0.651,23
60,136,attn2,ATTN2 hijack,99.6855,0.746,23
60,137,attn2,ATTN2 hijack,99.7241,0.591,23
60,138,attn2,ATTN2 hijack,99.6791,0.5893,23
60,139,attn2,ATTN2 hijack,99.6235,0.7268,23
60,140,attn2,ATTN2 hijack,99.6038,0.7902,23
60,141,attn2,ATTN2 hijack,99.598,0.7233,23
60,142,attn2,ATTN2 hijack,99.6204,0.8476,23
60,143,attn2,ATTN2 hijack,99.6312,0.7119,23
60,144,attn2,ATTN2 hijack,99.8003,0.4896,23
60,145,attn2,ATTN2 hijack,99.5427,1.0281,23
60,146,attn2,ATTN2 hijack,99.526,1.04,23
60,147,attn2,ATTN2 hijack,99.5283,1.0893,23
60,148,attn2,ATTN2 hijack,99.5592,1.1124,23
60,149,attn2,ATTN2 hijack,99.5041,1.1699,23
60,150,attn2,ATTN2 hijack,99.4799,1.2108,23
60,151,attn2,ATTN2 hijack,99.4291,1.2029,23
60,152,attn2,ATTN2 hijack,99.2754,1.3778,23
60,153,attn2,ATTN2 hijack,99.3169,1.2862,23
60,154,attn2,ATTN2 hijack,99.4243,1.0266,23
60,155,attn2,ATTN2 hijack,99.2449,1.3727,23
60,156,attn2,ATTN2 hijack,99.3075,1.2673,23
60,157,attn2,ATTN2 hijack,99.1855,1.3691,23
60,158,attn2,ATTN2 hijack,99.1157,1.4897,23
60,159,attn2,ATTN2 hijack,99.1341,1.4666,23
60,160,attn2,ATTN2 hijack,99.0613,1.612,23
60,161,attn2,ATTN2 hijack,99.0834,1.6371,23
60,162,attn2,ATTN2 hijack,99.0211,1.5486,23
60,163,attn2,ATTN2 hijack,98.9884,1.4813,23
60,164,attn2,ATTN2 hijack,98.9455,1.5325,23
60,165,attn2,ATTN2 hijack,98.9325,1.5963,23
60,166,attn2,ATTN2 hijack,98.898,1.4334,23
60,167,attn2,ATTN2 hijack,98.8318,1.4675,23
60,168,attn2,ATTN2 hijack,98.8852,1.4422,23
60,169,attn2,ATTN2 hijack,98.8287,1.4898,23
60,170,attn2,ATTN2 hijack,98.7732,1.4482,23
60,171,attn2,ATTN2 hijack,98.9647,1.2194,23
60,172,attn2,ATTN2 hijack,99.1893,1.003,23
60,173,attn2,ATTN2 hijack,98.4212,1.6418,23
60,174,attn2,ATTN2 hijack,98.4204,1.5708,23
60,175,attn2,ATTN2 hijack,98.2673,1.5527,23
60,176,attn2,ATTN2 hijack,98.1095,1.7791,23
60,177,attn2,ATTN2 hijack,98.1804,1.6265,23
60,178,attn2,ATTN2 hijack,98.1867,1.749,23
60,179,attn2,ATTN2 hijack,98.0206,1.918,23
60,180,attn2,ATTN2 hijack,97.8287,1.9826,23
60,181,attn2,ATTN2 hijack,97.5962,2.1518,23
60,182,attn2,ATTN2 hijack,97.4071,2.4754,23
60,183,attn2,ATTN2 hijack,97.2697,2.3858,23
60,184,attn2,ATTN2 hijack,97.0838,2.7763,23
60,185,attn2,ATTN2 hijack,96.7318,3.0315,23
60,186,attn2,ATTN2 hijack,96.5471,3.0251,23
60,187,attn2,ATTN2 hijack,96.3625,3.2356,23
60,188,attn2,ATTN2 hijack,96.1903,3.3072,23
60,189,attn2,ATTN2 hijack,95.8352,3.6744,23
60,190,attn2,ATTN2 hijack,95.6292,4.0473,23
60,191,attn2,ATTN2 hijack,95.3068,4.378,23
60,192,attn2,ATTN2 hijack,94.9049,4.4626,23
60,193,attn2,ATTN2 hijack,94.4937,4.5638,23
60,194,attn2,ATTN2 hijack,94.1373,4.3547,23
60,195,attn2,ATTN2 hijack,94.0612,4.5818,23
60,196,attn2,ATTN2 hijack,93.5911,4.8178,23
60,197,attn2,ATTN2 hijack,93.3389,5.013,23
60,198,attn2,ATTN2 hijack,93.0739,5.1923,23
60,199,attn2,ATTN2 hijack,93.6227,4.6876,23
60,200,attn2,ATTN2 hijack,95.1658,3.6018,23
60,61,and_fl,ATTN1 direct+ATTN2 individually succeed,8.0006,6.2958,23
60,62,and_fl,ATTN1 direct+ATTN2 individually succeed,2.1082,2.2978,23
60,63,and_fl,ATTN1 direct+ATTN2 individually succeed,0.6623,0.8158,23
60,64,and_fl,ATTN1 direct+ATTN2 individually succeed,0.2844,0.3036,23
60,65,and_fl,ATTN1 direct+ATTN2 individually succeed,0.0759,0.1701,23
60,66,and_fl,ATTN1 direct+ATTN2 individually succeed,0.0302,0.075,23
60,67,and_fl,ATTN1 direct+ATTN2 individually succeed,0.0254,0.0771,23
60,68,and_fl,ATTN1 direct+ATTN2 individually succeed,0.0568,0.1461,23
60,69,and_fl,ATTN1 direct+ATTN2 individually succeed,0.158,0.3574,23
60,70,and_fl,ATTN1 direct+ATTN2 individually succeed,0.0797,0.2037,23
60,71,and_fl,ATTN1 direct+ATTN2 individually succeed,0.0986,0.2267,23
60,72,and_fl,ATTN1 direct+ATTN2 individually succeed,0.1215,0.2321,23
60,73,and_fl,ATTN1 direct+ATTN2 individually succeed,0.309,0.4894,23
60,74,and_fl,ATTN1 direct+ATTN2 individually succeed,0.3127,0.3633,23
60,75,and_fl,ATTN1 direct+ATTN2 individually succeed,0.3234,0.4397,23
60,76,and_fl,ATTN1 direct+ATTN2 individually succeed,0.373,0.5993,23
60,77,and_fl,ATTN1 direct+ATTN2 individually succeed,0.4348,0.8328,23
60,78,and_fl,ATTN1 direct+ATTN2 individually succeed,0.5139,0.9678,23
60,79,and_fl,ATTN1 direct+ATTN2 individually succeed,0.5995,1.1216,23
60,80,and_fl,ATTN1 direct+ATTN2 individually succeed,0.6481,1.2751,23
60,81,and_fl,ATTN1 direct+ATTN2 individually succeed,0.6305,1.3056,23
60,82,and_fl,ATTN1 direct+ATTN2 individually succeed,0.548,1.1544,23
60,83,and_fl,ATTN1 direct+ATTN2 individually succeed,0.5868,1.2315,23
60,84,and_fl,ATTN1 direct+ATTN2 individually succeed,0.577,1.0352,23
60,85,and_fl,ATTN1 direct+ATTN2 individually succeed,0.7545,1.1981,23
60,86,and_fl,ATTN1 direct+ATTN2 individually succeed,0.6154,0.9599,23
60,87,and_fl,ATTN1 direct+ATTN2 individually succeed,0.5483,0.8505,23
60,88,and_fl,ATTN1 direct+ATTN2 individually succeed,0.442,0.6593,23
60,89,and_fl,ATTN1 direct+ATTN2 individually succeed,0.1573,0.3782,23
60,90,and_fl,ATTN1 direct+ATTN2 individually succeed,0.2596,0.588,23
60,91,and_fl,ATTN1 direct+ATTN2 individually succeed,0.2923,0.7127,23
60,92,and_fl,ATTN1 direct+ATTN2 individually succeed,0.2847,0.8943,23
60,93,and_fl,ATTN1 direct+ATTN2 individually succeed,0.2688,0.5702,23
60,94,and_fl,ATTN1 direct+ATTN2 individually succeed,0.2632,0.6767,23
60,95,and_fl,ATTN1 direct+ATTN2 individually succeed,0.2867,0.649,23
60,96,and_fl,ATTN1 direct+ATTN2 individually succeed,0.2582,0.6164,23
60,97,and_fl,ATTN1 direct+ATTN2 individually succeed,0.3007,0.6538,23
60,98,and_fl,ATTN1 direct+ATTN2 individually succeed,0.272,0.6471,23
60,99,and_fl,ATTN1 direct+ATTN2 individually succeed,0.2169,0.4801,23
60,100,and_fl,ATTN1 direct+ATTN2 individually succeed,0.325,0.7584,23
60,101,and_fl,ATTN1 direct+ATTN2 individually succeed,0.3025,0.6156,23
60,102,and_fl,ATTN1 direct+ATTN2 individually succeed,0.3478,0.9532,23
60,103,and_fl,ATTN1 direct+ATTN2 individually succeed,0.4901,0.923,23
60,104,and_fl,ATTN1 direct+ATTN2 individually succeed,0.4881,1.1248,23
60,105,and_fl,ATTN1 direct+ATTN2 individually succeed,0.5384,1.2736,23
60,106,and_fl,ATTN1 direct+ATTN2 individually succeed,0.5644,1.1108,23
60,107,and_fl,ATTN1 direct+ATTN2 individually succeed,0.5947,1.3852,23
60,108,and_fl,ATTN1 direct+ATTN2 individually succeed,0.494,1.1772,23
60,109,and_fl,ATTN1 direct+ATTN2 individually succeed,0.6333,1.389,23
60,110,and_fl,ATTN1 direct+ATTN2 individually succeed,0.6273,1.3594,23
60,111,and_fl,ATTN1 direct+ATTN2 individually succeed,0.4749,0.9166,23
60,112,and_fl,ATTN1 direct+ATTN2 individually succeed,0.3848,0.7641,23
60,113,and_fl,ATTN1 direct+ATTN2 individually succeed,0.4642,0.9343,23
60,114,and_fl,ATTN1 direct+ATTN2 individually succeed,0.5386,1.1839,23
60,115,and_fl,ATTN1 direct+ATTN2 individually succeed,0.5093,1.0605,23
60,116,and_fl,ATTN1 direct+ATTN2 individually succeed,0.5786,1.1084,23
60,117,and_fl,ATTN1 direct+ATTN2 individually succeed,0.4436,0.8685,23
60,118,and_fl,ATTN1 direct+ATTN2 individually succeed,0.4878,0.9142,23
60,119,and_fl,ATTN1 direct+ATTN2 individually succeed,0.3938,0.8228,23
60,120,and_fl,ATTN1 direct+ATTN2 individually succeed,0.4947,0.9478,23
60,121,and_fl,ATTN1 direct+ATTN2 individually succeed,0.4837,0.9483,23
60,122,and_fl,ATTN1 direct+ATTN2 individually succeed,0.4604,0.766,23
60,123,and_fl,ATTN1 direct+ATTN2 individually succeed,0.5566,0.9632,23
60,124,and_fl,ATTN1 direct+ATTN2 individually succeed,0.5132,1.0535,23
60,125,and_fl,ATTN1 direct+ATTN2 individually succeed,0.6527,1.211,23
60,126,and_fl,ATTN1 direct+ATTN2 individually succeed,0.4821,0.8901,23
60,127,and_fl,ATTN1 direct+ATTN2 individually succeed,0.5545,0.9988,23
60,128,and_fl,ATTN1 direct+ATTN2 individually succeed,0.4382,0.8598,23
60,129,and_fl,ATTN1 direct+ATTN2 individually succeed,0.6766,1.2217,23
60,130,and_fl,ATTN1 direct+ATTN2 individually succeed,0.8525,1.6198,23
60,131,and_fl,ATTN1 direct+ATTN2 individually succeed,0.8342,1.5837,23
60,132,and_fl,ATTN1 direct+ATTN2 individually succeed,0.8993,1.6858,23
60,133,and_fl,ATTN1 direct+ATTN2 individually succeed,0.9086,1.7356,23
60,134,and_fl,ATTN1 direct+ATTN2 individually succeed,0.9823,1.9773,23
60,135,and_fl,ATTN1 direct+ATTN2 individually succeed,1.2605,2.5208,23
60,136,and_fl,ATTN1 direct+ATTN2 individually succeed,1.0754,2.2294,23
60,137,and_fl,ATTN1 direct+ATTN2 individually succeed,1.0539,2.1592,23
60,138,and_fl,ATTN1 direct+ATTN2 individually succeed,0.9254,2.1885,23
60,139,and_fl,ATTN1 direct+ATTN2 individually succeed,0.8393,1.8355,23
60,140,and_fl,ATTN1 direct+ATTN2 individually succeed,0.942,1.9871,23
60,141,and_fl,ATTN1 direct+ATTN2 individually succeed,0.7242,1.7158,23
60,142,and_fl,ATTN1 direct+ATTN2 individually succeed,0.7932,1.7247,23
60,143,and_fl,ATTN1 direct+ATTN2 individually succeed,0.7435,1.4751,23
60,144,and_fl,ATTN1 direct+ATTN2 individually succeed,0.7183,1.5336,23
60,145,and_fl,ATTN1 direct+ATTN2 individually succeed,0.5698,1.3491,23
60,146,and_fl,ATTN1 direct+ATTN2 individually succeed,0.575,1.2748,23
60,147,and_fl,ATTN1 direct+ATTN2 individually succeed,0.4443,1.0053,23
60,148,and_fl,ATTN1 direct+ATTN2 individually succeed,0.4431,1.0956,23
60,149,and_fl,ATTN1 direct+ATTN2 individually succeed,0.5629,1.2642,23
60,150,and_fl,ATTN1 direct+ATTN2 individually succeed,0.6438,1.2966,23
60,151,and_fl,ATTN1 direct+ATTN2 individually succeed,0.6239,1.3356,23
60,152,and_fl,ATTN1 direct+ATTN2 individually succeed,0.4891,1.0545,23
60,153,and_fl,ATTN1 direct+ATTN2 individually succeed,0.5317,1.0862,23
60,154,and_fl,ATTN1 direct+ATTN2 individually succeed,0.6194,1.3203,23
60,155,and_fl,ATTN1 direct+ATTN2 individually succeed,0.5456,0.9069,23
60,156,and_fl,ATTN1 direct+ATTN2 individually succeed,0.5911,1.1328,23
60,157,and_fl,ATTN1 direct+ATTN2 individually succeed,0.6038,1.2446,23
60,158,and_fl,ATTN1 direct+ATTN2 individually succeed,0.6202,1.1545,23
60,159,and_fl,ATTN1 direct+ATTN2 individually succeed,0.7735,1.6411,23
60,160,and_fl,ATTN1 direct+ATTN2 individually succeed,0.6571,1.2709,23
60,161,and_fl,ATTN1 direct+ATTN2 individually succeed,0.6119,1.2028,23
60,162,and_fl,ATTN1 direct+ATTN2 individually succeed,0.5665,1.1169,23
60,163,and_fl,ATTN1 direct+ATTN2 individually succeed,0.5469,1.0168,23
60,164,and_fl,ATTN1 direct+ATTN2 individually succeed,0.7346,1.4681,23
60,165,and_fl,ATTN1 direct+ATTN2 individually succeed,0.6916,1.623,23
60,166,and_fl,ATTN1 direct+ATTN2 individually succeed,0.6409,1.6511,23
60,167,and_fl,ATTN1 direct+ATTN2 individually succeed,0.6024,1.3791,23
60,168,and_fl,ATTN1 direct+ATTN2 individually succeed,0.8001,1.6539,23
60,169,and_fl,ATTN1 direct+ATTN2 individually succeed,0.8721,1.9171,23
60,170,and_fl,ATTN1 direct+ATTN2 individually succeed,0.8124,1.8547,23
60,171,and_fl,ATTN1 direct+ATTN2 individually succeed,0.9639,1.9556,23
60,172,and_fl,ATTN1 direct+ATTN2 individually succeed,1.0332,1.931,23
60,173,and_fl,ATTN1 direct+ATTN2 individually succeed,0.9876,1.626,23
60,174,and_fl,ATTN1 direct+ATTN2 individually succeed,0.84,1.4845,23
60,175,and_fl,ATTN1 direct+ATTN2 individually succeed,0.9689,1.7071,23
60,176,and_fl,ATTN1 direct+ATTN2 individually succeed,1.0274,1.8445,23
60,177,and_fl,ATTN1 direct+ATTN2 individually succeed,1.0539,1.9871,23
60,178,and_fl,ATTN1 direct+ATTN2 individually succeed,1.3213,2.3479,23
60,179,and_fl,ATTN1 direct+ATTN2 individually succeed,1.5263,2.9773,23
60,180,and_fl,ATTN1 direct+ATTN2 individually succeed,1.3292,2.6575,23
60,181,and_fl,ATTN1 direct+ATTN2 individually succeed,1.441,2.72,23
60,182,and_fl,ATTN1 direct+ATTN2 individually succeed,1.4348,2.628,23
60,183,and_fl,ATTN1 direct+ATTN2 individually succeed,1.2977,2.5055,23
60,184,and_fl,ATTN1 direct+ATTN2 individually succeed,1.5801,2.7143,23
60,185,and_fl,ATTN1 direct+ATTN2 individually succeed,1.182,2.2194,23
60,186,and_fl,ATTN1 direct+ATTN2 individually succeed,1.111,1.9583,23
60,187,and_fl,ATTN1 direct+ATTN2 individually succeed,0.9512,1.5826,23
60,188,and_fl,ATTN1 direct+ATTN2 individually succeed,0.93,1.6422,23
60,189,and_fl,ATTN1 direct+ATTN2 individually succeed,0.8561,1.6124,23
60,190,and_fl,ATTN1 direct+ATTN2 individually succeed,0.7575,1.2787,23
60,191,and_fl,ATTN1 direct+ATTN2 individually succeed,0.879,1.3577,23
60,192,and_fl,ATTN1 direct+ATTN2 individually succeed,0.8573,1.426,23
60,193,and_fl,ATTN1 direct+ATTN2 individually succeed,0.8219,1.3695,23
60,194,and_fl,ATTN1 direct+ATTN2 individually succeed,0.7069,1.1016,23
60,195,and_fl,ATTN1 direct+ATTN2 individually succeed,0.897,1.5847,23
60,196,and_fl,ATTN1 direct+ATTN2 individually succeed,0.9576,2.0729,23
60,197,and_fl,ATTN1 direct+ATTN2 individually succeed,1.1042,1.8583,23
60,198,and_fl,ATTN1 direct+ATTN2 individually succeed,0.9083,1.8174,23
60,199,and_fl,ATTN1 direct+ATTN2 individually succeed,0.7682,1.6352,23
60,200,and_fl,ATTN1 direct+ATTN2 individually succeed,0.91,2.2532,23
